# -*- coding: utf-8 -*-

# Resource object code
#
# Created by: The Resource Compiler for PyQt5 (Qt v5.15.6)
#
# WARNING! All changes made in this file will be lost!

from PyQt5 import QtCore

qt_resource_data = b"\
\x00\x00\x19\xf8\
\x89\
\x50\x4e\x47\x0d\x0a\x1a\x0a\x00\x00\x00\x0d\x49\x48\x44\x52\x00\
\x00\x02\x00\x00\x00\x02\x00\x08\x06\x00\x00\x00\xf4\x78\xd4\xfa\
\x00\x00\x19\xbf\x49\x44\x41\x54\x78\xda\xed\xdd\x79\x8c\x24\x6d\
\x5d\xc0\xf1\xa7\xaa\x67\x76\xdf\xe5\xbd\xb8\x02\xc6\xe0\xc1\x15\
\x8d\x31\x48\x04\x11\x44\xd1\xa8\x44\x3c\xd0\x78\x85\xe0\x3f\x46\
\x13\x63\x04\xa2\x31\x82\x18\x22\x8a\x01\x25\x18\x90\x78\x20\x46\
\x34\x1e\x7f\x78\x20\xa8\x68\x24\xa2\x21\xc8\xa1\xbc\x22\x72\x28\
\x72\xc8\xf1\x22\x1e\xc1\x03\xc4\xe5\xdd\xf7\x7d\x77\x77\xba\xca\
\xe7\xa9\x7a\x6a\xa6\x77\x58\x60\xf7\xdd\xea\x9e\xe9\xf9\x7d\x3e\
\x2f\x0f\x3d\xd3\xd3\x53\x53\xd3\xef\xbc\xfd\x7c\xbb\xaa\xba\xba\
\x49\x00\x40\x38\xcd\x51\xaf\x00\x00\xb0\x79\x02\x00\x00\x02\x12\
\x00\x00\x10\x90\x00\x00\x80\x80\x04\x00\x00\x04\x24\x00\x00\x20\
\x20\x01\x00\x00\x01\x09\x00\x00\x08\x48\x00\x00\x40\x40\x02\x00\
\x00\x02\x12\x00\x00\x10\x90\x00\x00\x80\x80\x04\x00\x00\x04\x24\
\x00\x00\x20\x20\x01\x00\x00\x01\x09\x00\x00\x08\x48\x00\x00\x40\
\x40\x02\x00\x00\x02\x12\x00\x00\x10\x90\x00\x00\x80\x80\x04\x00\
\x00\x04\x24\x00\x00\x20\x20\x01\x00\x00\x01\x09\x00\x00\x08\x48\
\x00\x00\x40\x40\x02\x00\x00\x02\x12\x00\x00\x10\x90\x00\x00\x80\
\x80\x04\x00\x00\x04\x24\x00\x00\x20\x20\x01\x00\x00\x01\x09\x00\
\x00\x08\x48\x00\x00\x40\x40\x02\x00\x00\x02\x12\x00\x00\x10\x90\
\x00\x00\x80\x80\x04\x00\x00\x04\x24\x00\x00\x20\x20\x01\x00\x00\
\x01\x09\x00\x00\x08\x48\x00\x00\x40\x40\x02\x00\x00\x02\x12\x00\
\x00\x10\x90\x00\x00\x80\x80\x04\x00\x00\x04\x24\x00\x00\x20\x20\
\x01\x00\x00\x01\x09\x00\x00\x08\x48\x00\x00\x40\x40\x02\x00\x00\
\x02\x12\x00\x00\x10\x90\x00\x00\x80\x80\x04\x00\x00\x04\x24\x00\
\x00\x20\x20\x01\x00\x00\x01\x09\x00\x00\x08\x48\x00\x00\x40\x40\
\x02\x00\x00\x02\x12\x00\x00\x10\x90\x00\x00\x80\x80\x04\x00\x00\
\x04\x24\x00\x00\x20\x20\x01\x00\x00\x01\x09\x00\x00\x08\x48\x00\
\x00\x40\x40\x02\x00\x00\x02\x12\x00\x00\x10\x90\x00\x00\x80\x80\
\xb6\x22\x00\xfa\xbe\x6f\x8a\x43\xeb\x5b\x3e\xee\x57\xae\xeb\x8f\
\xe2\x77\x7a\xf1\xfb\xfb\x6b\x5f\xc8\xc9\x31\xfd\xfb\x58\xbd\x5c\
\xfd\xda\x70\xf9\x03\x0f\x6c\xf6\xaf\xcf\xf7\xdf\xe9\x7c\xd1\xe6\
\xb1\xac\xb7\x29\x63\xb9\x7a\x1b\x00\xe6\x77\x2c\x03\xe0\x51\x8f\
\x7d\xfc\xbd\xbf\xed\x59\xbf\xf8\xd0\xfe\xd4\xee\x17\x2d\x76\x77\
\x1f\xb2\x73\xea\xcc\x67\xed\x9c\x3a\x7d\xcf\xbc\xba\xb9\x05\xfa\
\x54\x63\x20\x87\xc1\x38\x5b\x74\x65\xf4\x29\x57\x42\x6a\xca\x4c\
\x52\xa6\x8e\xbd\xfa\xdb\x2d\xca\x45\xbe\x5c\x76\x75\x06\x6a\x56\
\x66\xa7\x7e\xfc\x7a\x5b\xaf\x6f\xc6\xe5\xa4\x65\x59\x6e\xfd\xde\
\xb6\xde\x43\xe5\x36\x5d\x33\x5e\x5f\x6e\x53\xbe\xb7\x5c\x77\xaa\
\xdd\x39\xea\xbb\xeb\x38\x59\x0d\xb2\xc3\xd7\xa7\xfa\xb5\x8f\xe4\
\x71\x6b\x1e\x6f\xc9\xe3\xef\xf2\xf8\xc7\x3c\xd9\xdf\x99\x43\xa0\
\xdc\x91\xa7\xd2\xf8\xaf\xae\xcb\xd7\xed\x1d\xf5\x2f\x03\x70\x92\
\x1d\xa7\x00\xd8\xf9\xe9\xd7\xbf\xe7\x2b\xcf\xdc\x74\xcf\xef\x6c\
\x4f\x5d\xff\xb5\xed\x62\xe7\x81\xcd\xce\xce\xb0\x8a\x6d\x57\x27\
\xe9\xb4\x32\x79\xd7\xe7\x97\xc3\xe4\x5f\x7f\x93\x72\x9b\xbe\x4e\
\xce\x5d\xbd\xcd\xa2\x19\x03\xa0\xeb\xc6\x89\xbd\x59\x79\x7e\x5a\
\x6e\xbf\x53\x27\xfe\xa6\x5f\x59\xde\x14\x09\x35\x02\xa6\x3b\xaa\
\x5c\xbf\xac\xd1\x31\x4d\x69\xa7\x8e\xd3\x3d\xb8\x7d\x6e\xcf\xe3\
\x1f\xf2\xf8\xdd\x3c\x5e\x96\x27\xfd\xff\x58\xd9\x22\x70\x51\x04\
\x00\xac\xcf\x71\x98\xbe\x16\xcf\x7e\xcd\x3b\xbf\xe3\xee\x9f\xf1\
\xd9\x4f\x5a\xec\x9e\xfe\x8a\xd4\xee\x34\xdd\x38\xc9\x76\x79\x52\
\x5e\x0e\x4f\xec\xf3\x4c\xde\xf6\x7d\xd3\xe5\x19\xb9\xcd\x57\xe6\
\x0f\x53\xdf\xd6\x95\xaf\x93\x79\xb7\xf2\x0c\x7e\x35\x02\x4a\x42\
\x4c\xcf\xf0\x97\xf5\xb2\x5c\x5f\x26\xfc\x9d\x1a\x08\x5d\x9d\xfc\
\xcb\x75\x7d\x5b\xef\x95\xae\x6e\x49\x58\xd9\x02\x30\x6d\x9f\x2e\
\x61\xd1\xd4\x2d\x0a\xa7\xda\xab\xf9\x55\x49\x2b\xbb\x02\xf2\xd8\
\x5d\xb9\xfe\x43\x79\xbc\x28\x8f\x5f\xc9\x13\xff\xd9\x1c\x02\xd7\
\xe7\x8f\xcf\x8b\x00\x80\xf5\x38\xd2\x00\x78\xee\xeb\xde\xfb\xc8\
\xd3\xf7\xbe\xcf\xb3\x77\xf2\x33\xfe\x45\x9e\x79\xdb\x26\xcf\xfd\
\x7d\x5f\xa6\xde\x3c\xbf\x0e\x53\xf1\xb0\x5d\xbf\xcc\xe6\x6d\xb9\
\xae\x6e\x82\x2f\x13\xf3\xf0\xac\x7d\xfa\xb8\x4c\xee\xf5\xe3\x62\
\xda\x99\x5c\xfe\xaf\x9d\x6e\x9b\xea\xe6\xfb\xe6\xd2\x5f\xbc\x04\
\xc0\xf0\x13\xa7\xaf\xa7\x31\x1e\xa6\x20\x58\xd6\xeb\x77\xea\xf2\
\x56\xc3\xa3\xdc\x6e\x77\x71\x45\xbf\x2a\x07\x56\x8f\x0f\x98\x46\
\xb9\xdb\xa7\x18\x78\x53\x1e\x4f\xcf\x13\xff\x5f\xd5\x08\xb8\x33\
\x7f\xbc\x3c\xea\x95\x06\x38\x69\x8e\x22\x00\xda\x77\xbd\xe7\xbd\
\x3b\xaf\xf8\xd8\x99\x67\x9c\xbe\xe9\x5e\x3f\xba\x38\x7d\xdd\x99\
\xb6\x4b\x7b\xcb\x61\xd6\x1d\xe6\xe3\x61\xbf\x7b\x93\xff\x29\xbb\
\xfb\x87\xef\xa8\x53\x46\xd9\xc1\xbf\xac\x53\x47\x79\x06\xde\xd6\
\xcd\xfb\xd3\x2c\xb2\x72\xd3\xfd\x4d\xfd\xcd\xf4\x5b\x76\xfb\xc7\
\x0a\x8c\xa1\x50\x9f\xb9\x2f\xea\xd7\xa7\xef\x1f\xb6\x20\x74\x07\
\x9b\xfb\xdb\x76\xbc\xfd\xb4\x05\xa0\x6d\x2e\xdd\x1a\xb0\x73\x1c\
\xb6\xa1\x6c\xaf\xc3\x07\x09\x96\x89\xbe\x84\xc0\xf9\x3c\x7e\x22\
\x8f\x17\xa4\xf1\xb8\x80\x3b\x1d\x14\x08\x30\xaf\x8d\x4f\x5f\x3f\
\xf6\x7b\xaf\xfe\xcc\xbb\x3f\xe8\x21\x2f\x39\x73\xf3\xbd\xbe\xa1\
\x6e\xd2\x5f\x2e\xd2\xb0\x85\xbf\xe9\x9b\x7e\x3c\x94\xaf\x3e\xd4\
\x4f\x93\xfb\x34\x69\x0f\xfb\xf2\xeb\x26\xfa\x9d\xae\xd6\x42\xdd\
\xb4\xbf\x5c\x99\xec\x17\x7d\xdd\xf7\xbf\x72\x90\x60\x31\x4c\xec\
\xf5\x00\xbf\x69\xab\x40\x5b\x63\x60\x7f\xab\x41\x53\xaf\xeb\xeb\
\x56\x85\xe6\xd2\xe3\x0f\xa6\x3b\xad\xad\x57\x34\x02\x60\x0e\xab\
\x77\x6d\xf9\x57\x31\xed\x88\xf9\xf5\x3c\x7e\x30\x8d\xaf\x0a\x38\
\x7f\xd4\x2b\x09\x70\x92\x6c\x6c\xfa\x7a\xf1\xfb\xfb\xf6\x61\xa7\
\x3e\xfa\xe0\xd7\x7f\xb4\xf9\xbd\x33\x37\xdd\xe3\xa1\xcb\xae\xbf\
\xd8\x95\x27\xd0\xd9\xa2\xeb\x87\x2d\xfd\xcb\x72\x7c\x7f\x9d\xc8\
\x97\xd3\x81\x7a\x75\x22\x2f\x13\xf7\x5e\x7f\x70\x50\x5f\x99\x21\
\x86\x59\xa2\x1d\x6f\xbb\xb7\x12\x0d\xd3\xd1\xff\x45\x7f\x78\xf3\
\x40\xba\x74\x2b\xc1\xb4\xab\x60\x7f\xab\x40\x5b\x77\x1b\xf4\x2b\
\xbb\x0c\xba\x71\x4b\x40\x9a\x5e\x5d\x90\xed\x4c\xcb\x75\x0c\xc0\
\x9c\x56\x77\x0f\x94\x10\x28\x7b\x5e\x5e\x9e\xc7\xf7\xa4\xf1\x78\
\x80\x0b\x47\xbd\x82\x00\x27\xc5\x46\x02\xa0\x4c\xfe\xf9\xe2\x41\
\x79\xfc\x49\x1e\x9f\x97\xc7\xc5\x34\x3e\xb8\x1f\x7e\x2d\x3f\x5c\
\x2e\x02\x5e\x96\xc7\x77\xe7\x71\xc1\x41\x81\x00\xf3\x58\xfb\xc4\
\x9b\x27\xff\xf2\x64\xfc\xbe\x79\xbc\x32\x8f\x2f\x4a\xe3\xe4\x3f\
\x1d\xf0\x65\xf2\xe7\x72\x56\x23\xa0\x4c\xf8\xe5\xef\xe5\x25\x79\
\x3c\x29\x39\x49\x10\xc0\x2c\x36\x11\x00\xe5\x75\xdd\x7f\x90\xc7\
\xe3\x93\xc9\x9f\x2b\x77\xb9\x2d\x01\xcf\xcc\x93\xff\x73\x8e\x7a\
\xc5\x00\x4e\x82\x4d\x04\xc0\x8f\xe5\x8b\xe7\x26\x9b\xfd\xb9\x7a\
\xd3\xdf\x49\xb7\x72\xdd\x13\xf2\x78\xb9\xad\x00\x00\xd7\x66\x6d\
\x93\x70\xdd\xef\xff\xc5\x79\xbc\x3a\x8f\xeb\xd3\xc1\xc1\xf3\x26\
\x7f\xae\xc6\x6a\x04\x94\xbf\x9f\x0f\xe7\xf1\x35\x79\xbc\x3b\x47\
\x40\x77\x2d\x0b\x06\x88\x6c\x9d\x01\x50\x5e\xbf\x5d\x36\xfd\x7f\
\x73\x1a\xf7\xe3\xae\x9e\x55\x17\xae\xc6\x14\x01\x65\x57\x40\xf9\
\x3b\x7a\x6d\x1e\x8f\xcf\x01\xf0\xf1\x4f\xf7\x8d\xf9\xef\xb0\xb1\
\xb5\x00\xe0\x13\xad\x65\x32\xae\x07\xfe\x7d\x5d\x1e\x7f\x9a\x0e\
\x1e\xbc\xbd\x60\x8e\x6b\x31\x4d\xe2\xd3\xf1\x00\x3f\x93\xc6\x63\
\x02\x3e\xe5\x56\x00\x01\x00\x70\x79\xb3\x07\x40\xdd\xf4\x5f\x0e\
\xfc\x7b\x69\x1e\xdf\x94\x3c\xfb\x67\x5e\xc3\xd9\x9a\xd3\x18\x02\
\xdf\x98\xc7\x6b\x9c\x2a\x18\xe0\xea\xad\x23\x00\xca\xa6\xff\x69\
\xdf\xff\x75\xf5\x6a\xcf\xfe\x99\xc3\xe1\x5d\x01\xef\x48\xe3\xf1\
\x00\x1f\xf9\x54\x11\x60\x2b\x00\xc0\x27\x5a\x47\x00\x94\xcd\xb3\
\x3f\x95\xc7\x33\x92\x67\xff\xcc\x6f\x8a\x80\xf2\xb7\x55\xfe\xd6\
\x7e\x2e\x8f\xa7\x39\x20\x10\xe0\xea\xac\x23\x00\xee\x99\x2f\x5e\
\x95\xc7\xc3\xd2\xb8\xb9\xd6\xfb\xe5\xb1\x0e\xd3\xae\x80\x72\xf9\
\xf5\x79\xbc\xd6\x59\x02\x01\xae\xdc\x3a\x02\xe0\x11\xe9\xe0\xa5\
\x7f\xfb\xa7\xdd\x3f\xea\x5f\x94\x13\xe5\xf0\xae\x80\xb7\xe6\xf1\
\xd8\x3c\xce\xe5\x08\xb8\xf3\xa8\x57\x0e\x60\x1b\xac\x23\x00\xca\
\x39\xdb\x7f\x33\x1d\x6c\xfe\x37\xf9\xb3\x0e\x87\x77\x05\x3c\x2f\
\x8f\x1f\x2f\x5f\xb0\x25\x00\xe0\xd3\x5b\x47\x00\x94\x97\x67\x95\
\xb3\xff\x4d\xe7\x70\x87\x75\x9a\xf6\xfd\x97\x33\x4d\x96\x57\x05\
\xbc\xde\xbb\x06\x02\x7c\x7a\xeb\x08\x80\xf2\xce\x6d\xdf\x9e\x6c\
\x01\x60\xfd\x0e\xef\x0a\x78\x7b\x3a\xd8\x15\x70\xfb\x51\xaf\x1c\
\xc0\x71\xb6\x8e\x00\xf8\x8b\x34\x3e\x08\x4f\x0f\xca\xb0\x4e\xd3\
\xcb\xfb\xa6\x03\x4e\x7f\x3e\x8f\xa7\xe6\xb1\xe3\x78\x00\x80\x4f\
\x6e\x1d\x01\x50\x4e\xd3\xfa\x98\x74\xb0\x6f\x16\x36\x61\x7a\x45\
\x40\x51\xb6\x40\xfd\x59\xf9\xdc\xcb\x03\x01\x2e\x6f\x1d\x01\xf0\
\x86\x7c\xf1\xe8\x64\x0b\x00\x9b\x73\x78\x57\xc0\xad\x69\x3c\x41\
\xd0\x7f\xe5\x00\x38\x77\xd4\x2b\x07\x70\x1c\x09\x00\x4e\x8a\xc3\
\xbb\x02\xfe\x38\x8f\xef\x2a\x1f\xe7\x08\xb8\xed\xa8\x57\x0e\xe0\
\xb8\x11\x00\x9c\x34\xd3\xfb\x04\x94\xdd\x4f\xcf\xcc\xe3\xb9\x69\
\x3c\x1e\xe0\xfc\x51\xaf\x18\xc0\x71\xb2\x8e\x00\xf8\xeb\x7c\xf1\
\x65\x49\x00\xb0\x79\xd3\xae\x80\x6e\xe5\xf3\x27\xe6\xf1\x87\x69\
\x3c\x1e\xe0\x93\xbe\x1f\x80\xf7\x0b\x00\xa2\x11\x00\x9c\x34\xab\
\x11\x50\x2e\x3f\x9a\xc7\xb7\xe6\x71\x4b\x9e\xe0\x2f\x5e\xee\x1b\
\xca\xe4\x5f\x2e\x05\x00\x10\x89\x00\xe0\x24\x3a\x7c\x96\xc0\x0f\
\xa5\xf1\x95\x01\x6f\x3d\xfc\xae\x81\xf5\xed\xab\xcb\xe8\xbd\xad\
\x30\x10\xc9\x3a\x02\xe0\x6f\xf2\xc5\xa3\x92\x00\xe0\x68\x1d\x8e\
\x80\x0f\xe4\xf1\x84\x3c\xfe\x3e\x8d\x13\xfe\x74\xb0\xe0\xa2\x7e\
\xdc\x3b\x85\x30\x10\x89\x2d\x00\x44\x30\x45\xc0\xbf\xe7\xf1\xbd\
\x79\xfc\x65\x1e\x37\xa5\x71\xe2\x2f\xbb\x05\x4a\x2c\xf4\x4e\x21\
\x0c\x44\x62\x0b\x00\x27\xd9\xb4\x15\xa0\x98\x22\xe0\x8e\x3c\x9e\
\x96\xc7\xaf\xa6\xf1\xef\xf3\x74\x1a\x23\xa0\x73\xe6\x40\x20\x12\
\x01\xc0\x49\xb7\x1a\x01\xab\x7f\x93\xbf\x9b\xc7\x4f\xe6\x49\xff\
\xbd\xf9\x6f\xf6\x6e\x69\x7c\xa9\xe0\xd9\xa3\x5e\x59\x80\x4d\x11\
\x00\x44\xb0\x1a\x01\xd3\x29\x83\xcb\xdf\xe6\x87\xf3\x78\x61\x1e\
\xbf\x9d\x27\xff\x0f\x1f\xf5\x4a\x02\x6c\x92\x00\x20\x8a\xe9\x25\
\x7e\x4d\xba\xf4\x64\x41\xc5\x07\xd3\xb8\x45\xe0\x95\x69\x7c\x47\
\xc1\xdb\xbc\x24\x10\x38\xe9\x04\x00\xd1\xac\x6e\x0d\xe8\xea\xe7\
\xd3\xdf\x69\x39\x16\xe0\x5d\x79\xbc\x39\x8f\x77\xe4\xf1\xaf\x39\
\x04\x5e\x76\xd4\x2b\x0c\xb0\x0e\x02\x80\x88\xfa\xcb\x7c\x5e\x62\
\xe0\x72\xef\x5e\xb9\xac\xc3\x16\x01\xe0\x4a\x95\x53\x8f\x97\xf7\
\x20\xf9\xdf\x3c\xde\x9d\xc7\xdf\xe5\xf1\xb7\x79\xbc\x65\x3a\xd6\
\x28\xcf\x95\x67\xd2\xc1\xd6\xc8\xe9\xf1\xa5\x4f\x07\xaf\x4a\x5a\
\xfb\x63\x8e\x00\x20\xba\xcb\xc5\xc0\x34\xa6\x93\x04\x01\x5c\xab\
\xf2\x24\xe3\x3d\x69\x7c\xa3\xb2\x97\xe6\x09\xfe\x6d\xf5\x2c\xa4\
\xe5\x20\xe4\xbd\x74\xb0\x45\x72\x63\x11\x20\x00\xe0\x80\x67\xf9\
\xc0\x1c\xfa\x43\x1f\x97\xb1\xba\x85\xb1\x6c\x1d\xf8\xa3\x3c\x5e\
\x98\x27\xf9\xb7\xe6\x79\xb3\xbc\x1c\xb9\xcc\x97\x17\x57\xbf\x67\
\xdd\x67\x27\x15\x00\x00\xb0\x1e\x9f\x6e\x77\xe3\xed\x79\xfc\x42\
\x1e\xcf\xcb\x93\xfd\xc7\xf2\xfc\x79\x43\xaa\xe7\x25\x99\x6e\x9b\
\xaf\xef\xae\xf4\x87\x5d\x2d\x01\x00\x00\xeb\xf7\xa9\x5e\x89\x54\
\x4e\x51\xfe\x94\x3c\xd9\xdf\xb2\x12\x01\xd3\x56\x80\x8b\x57\xfd\
\x93\xae\x90\x00\x00\x80\xcd\x59\x0d\x81\x2e\x1d\x6c\x11\x28\xbb\
\x05\x4a\x04\xfc\x56\x8d\x80\xe9\x00\xe4\xe5\xba\x76\x05\x08\x00\
\x00\xd8\xbc\xcb\x9d\xaa\xbc\x78\x5a\x9e\xf0\x9f\xbf\x12\x01\x7b\
\xeb\xda\x0a\xb0\xce\x00\x28\x55\xe3\x08\x6a\x00\xb8\xbc\xd5\xad\
\x01\xd3\xb3\xfc\xf2\xc4\xf9\xe9\x79\xd2\xff\xd9\x3c\x9f\xde\x98\
\xc6\x38\xb8\xb0\x8e\xad\x00\x02\x00\x00\x8e\xd6\xb4\x35\x60\xf5\
\xe4\x64\xdf\x97\x27\xfd\x5f\xcb\x73\xea\xcd\xf9\xe3\x3b\xf3\xc7\
\xe7\xe7\xfe\xa1\x02\x00\x00\x8e\xde\x14\x01\xcb\x7a\x79\x2e\x8f\
\xc7\xa5\xf1\x04\x42\xe5\x5c\x01\xe7\xe6\x7e\x45\x80\x00\x00\x80\
\xe3\x61\x8a\x80\xe9\x98\x80\xb7\xe5\xf1\xd5\x79\x5c\x48\xe3\x4b\
\x02\xef\x98\xf3\x87\xad\x23\x00\xde\x98\x2f\x1e\x99\x1c\x04\x08\
\x00\x57\xeb\x70\x04\x3c\x27\x4f\xfc\xcf\xac\xbb\x02\xce\xce\x79\
\x76\xc0\x75\x04\x40\xd9\x5c\xf1\x88\x64\x0b\x00\x00\xdc\x55\xd3\
\xf1\x00\x1f\xcf\xe3\xab\xd2\x78\x1a\xe1\x66\xce\xad\x00\xeb\x08\
\x80\x37\xe5\x8b\x2f\x49\x97\xbe\xc4\x01\x00\xb8\x32\xd3\xb3\xfc\
\xe9\x64\x41\xbf\x9e\xc7\xf7\xe7\x71\x63\x39\x63\xe0\x5c\x3f\x64\
\x9d\x5b\x00\x00\x80\xbb\x6e\x3a\xe8\xaf\x6c\x05\xf8\xca\x3c\xfe\
\xf9\xb8\x6f\x01\x98\x8e\x01\x00\x00\xee\x9a\xc3\x5b\x01\x9e\x93\
\xc7\xb3\xe6\x3c\x1f\xc0\x3a\x02\xa0\xbc\xef\xf1\xc3\x37\x72\xf7\
\x00\xc0\xc9\x56\x26\xfc\x72\x3c\xdd\xdb\xf3\x78\x6c\x0e\x80\xff\
\x99\x6b\xc1\xeb\x08\x80\x7f\xca\x17\x5f\xb0\xb9\xfb\x06\x00\x4e\
\xa4\xe9\xad\x84\xcb\x5c\x5d\x4e\x07\xfc\xb8\x1c\x00\xaf\x99\x6b\
\xe1\xeb\x08\x80\x0f\xe6\x8b\xcf\xd9\xd4\xbd\x03\x00\x27\xd8\xf4\
\x16\xc2\xe5\x65\xf5\xc3\xfb\x04\xcc\xb5\xe0\x75\x04\x40\xd9\x3c\
\x71\xaf\xcd\xdd\x37\x00\x70\xa2\x95\x73\x02\x94\x00\xf8\xfd\x1c\
\x00\x4f\x9c\x6b\xa1\xeb\x08\x80\xdb\xf3\xc5\x99\x0d\xde\x31\x30\
\xbb\x0b\x39\xba\x17\xfd\xa5\xe7\xe5\xec\x9b\x71\x47\xdc\x22\x5f\
\xf6\xfd\xc1\x89\x2e\x9a\x72\x7d\xdd\x50\xb7\xac\xff\x45\xed\x75\
\x07\x67\xc2\x6a\xea\x75\x6d\xbd\xec\xfa\x83\xff\xf0\xfa\xba\xac\
\xf2\xb5\x72\x7a\x8f\xa6\x7e\x3c\x2d\xbf\xfc\x80\xae\x7e\xcf\xf4\
\xb3\xca\x6d\x96\xfd\xf8\x88\x30\x2d\xb7\x99\xd6\x2d\x8d\xdf\xbb\
\xac\xb7\xeb\xfb\x83\xdb\xb4\x75\x43\xe2\xc5\xfa\xc3\x77\xd2\xc1\
\x9b\x92\x2f\xea\xd7\x86\xef\x49\x07\xcb\x1e\xce\xe4\x55\xd6\xab\
\x3d\xb8\x1f\x16\x75\x7d\xca\x27\xfd\xf4\x71\x37\xae\x43\x5f\x6f\
\xdb\xae\x2c\x6b\x5a\xf7\x7e\x5a\x8f\xfa\xf3\xa7\xed\x9a\xab\xf7\
\xcb\x74\x7d\x1a\xee\x07\xaf\x22\x86\x74\xb0\x05\xa0\xfc\x67\xf4\
\xce\x1c\x00\x5f\x38\xd7\x82\xd7\x11\x00\xd3\x01\x0b\xb0\xbd\xa6\
\xc9\x2c\x8d\x93\x74\x53\x27\xf8\x69\xa2\x2d\xd7\xad\x1e\x8a\x3b\
\x4c\x76\x4d\xbd\x7d\x57\x27\xf9\xe9\xf3\x54\x3f\xae\x13\xe6\x72\
\x75\xa2\xaf\x6f\xff\x51\xa2\x62\x9a\x80\xdb\x3a\xf9\x77\xcd\x27\
\xc6\x42\xf9\x9e\x32\x59\x77\xf5\xe7\x4f\xef\x1a\x72\x89\xfe\x60\
\x32\x5e\xf6\x07\x61\x50\x16\xb4\x6c\x56\xc2\xa4\xae\xf3\x72\x65\
\xe2\x1d\x26\xf8\xb6\xfe\x0e\x75\x71\xe5\xe7\x95\xdb\x4f\xe1\xd0\
\xac\xdc\x1f\xd3\xe4\x7d\x71\x25\x50\xba\x7a\xfd\x70\x3f\x4d\x31\
\xb2\xb2\xae\xd3\xfd\xd7\xaf\x7c\xff\xb4\xbe\xa9\x3f\x88\x12\x0f\
\x22\xb0\x6f\x0a\x80\x8f\xe7\x00\xb8\x69\xae\x85\xae\x23\x00\x3e\
\xe9\x69\x0a\xcb\xb3\x8a\xe1\x3f\xec\xe1\x01\x70\x7c\xb8\x19\x1f\
\x4c\xfa\xb4\x57\x1f\x20\x17\xf5\xd1\xf6\x7c\xbe\xe1\x6d\x17\x97\
\xe9\xf6\xfc\xe8\x74\x61\x39\x3e\x48\x75\xf9\x76\x5d\x7f\xc5\xab\
\xb2\x31\xf7\x3d\xd3\xa4\xae\x1b\x1f\xc0\xa6\x07\xd1\xe9\xc1\xbf\
\xa9\x0f\xf2\xd3\xb3\x9a\xb2\xfe\x7d\x7d\xb6\x34\x3d\x70\x2f\x9b\
\x83\x67\x3f\xed\xca\x03\xe8\xb4\x8c\xb4\xf2\xc0\xd8\xad\x3c\xdb\
\x6b\xa7\xe5\x4d\x3f\xab\xbf\xf4\x67\x4d\x8f\xba\xfb\x5f\x6f\xeb\
\xb3\xb0\xda\x93\x7b\xab\xb7\xab\x0f\xea\x8b\x95\x67\x68\x7b\xd3\
\xe1\x27\xe9\x60\x22\x9c\x3e\x9e\x26\x94\x69\x7d\xfa\xfa\x6c\xb3\
\x3c\xab\x5c\xd6\x8f\xa7\x49\xaf\x4b\xe3\xbf\xe3\xb6\x99\x9e\x05\
\x36\x75\xbd\xc6\x7f\x9f\xcb\xbe\xb9\x64\x19\xd3\xb3\xd5\xa6\xfe\
\xbe\x7d\x9d\x90\x9a\x3a\x83\x94\x65\x75\xcb\xf2\x3d\xfd\x38\x49\
\xe5\xef\x6f\x87\x8f\x9b\xd4\xaf\x9c\x7e\xaa\x99\xfe\xd6\xda\x71\
\x19\xd3\x33\xec\x69\x42\x9e\xfe\x94\xfa\x3e\x5d\xf2\x77\x35\xdc\
\xb7\x75\xf6\x69\xa6\x67\xe2\x2b\xf7\x43\xaa\xeb\x35\x7d\x32\x4c\
\x70\x2b\x6f\xd1\xd1\xd4\xc9\xb0\x4d\x07\x91\xd0\xac\x7c\x4f\x5b\
\x97\xf5\xdf\xe7\x8f\xe1\x1f\x33\x70\x4d\xc6\xad\x5c\xcd\xf0\x58\
\x7a\x2a\x3f\x5e\xdd\x2d\x7f\x70\xc3\xee\x22\x9d\x1e\x36\xcf\x35\
\xf9\xf1\xa2\x1f\x1f\x2b\x87\xc7\xc0\xfa\x98\x95\x1f\x60\xca\xc7\
\x5d\x9d\x17\x86\x40\xbf\x74\xb1\xdd\x74\x55\x0e\x80\xd9\xda\x78\
\xb3\x01\x50\x26\x83\x6e\x65\x13\x5f\xdb\xd7\x07\xfb\x66\x98\x0c\
\xce\xe5\x19\xe7\x63\x77\x2e\xf3\xc4\xdf\xef\x3f\x2b\x01\x80\x6d\
\x57\x82\xe0\x86\xdd\x26\xdd\xfd\xba\x45\xba\x7e\x27\x3f\x81\xe9\
\xcb\x84\x3f\x3e\x09\xea\xba\xf1\x59\xda\xf0\xa4\xa5\x3d\xd8\x42\
\xb8\x72\xd6\xff\xfd\xbd\x75\x5b\x1b\x00\xcb\xfa\x74\x74\xd9\xf7\
\xc3\xb3\xc9\x9d\xfc\x6b\xe4\xfb\x21\xfd\xdf\x85\x3e\xfd\xe7\xed\
\xcb\xfc\xac\xdf\xac\x0f\xc0\xc9\x76\x3a\xd7\xc0\x7d\xef\xb6\x48\
\x37\x9f\x6a\x86\x2d\xad\x7b\xdd\xb4\x05\x76\x9c\xf5\xfb\xba\xb9\
\x75\xe7\xd2\x19\x7a\xd8\x80\xbe\xb5\x01\xb0\x57\x37\xfd\x97\x1b\
\xec\xe4\xbc\x39\xdf\x75\xe9\xdf\xce\x2d\xd3\x1d\x7b\x26\x7e\x00\
\x62\x39\x93\x67\xf8\xfb\x5d\xbf\x48\xa7\xf3\xd3\xfe\xbd\xae\xaf\
\xbb\x5a\x9b\xd4\xe5\x59\xb2\xe9\x9a\x61\xf7\x65\x8d\x80\xfd\x97\
\x02\xe6\x00\x98\x6d\xde\xde\x70\x00\x8c\x3b\x60\xcb\x41\x46\x1f\
\xb9\x63\x99\xfe\xf3\xfc\x72\xbf\x74\x00\x20\x9a\x72\x2c\xd3\x7d\
\x4f\x2f\xd2\xbd\xce\x2c\xd2\xb2\xee\xe9\x1f\x76\x0f\xa4\x71\xd6\
\xdf\x6d\xf6\x5f\x49\x34\xed\x02\xd8\xce\x00\x28\x9b\xfe\xcb\x2f\
\xf5\x6f\xb7\xed\x0d\xfb\xfb\x01\x80\x34\x1c\x17\x70\xbf\x1b\x76\
\xf6\x0f\x20\x6e\xf3\xf4\x3c\xbd\xf4\x76\xab\x02\x60\x3c\xea\xbc\
\x1f\x2a\x66\x7c\xd2\x3f\x1e\xd2\xdd\x77\x7d\xfa\x40\x9e\xfc\xef\
\x9c\xed\xad\x0c\x00\xe0\x64\xb8\x6e\x91\xd2\x03\x72\x04\x34\xf5\
\x25\x53\x4d\x7d\xa5\x5c\x3f\xbe\xc4\x6b\x4b\x02\x20\x8d\x01\x30\
\xec\xcb\x28\xfb\x35\x86\x97\x78\xf5\xe9\xd6\xb3\x17\xd3\x9d\x9d\
\x4d\xfe\x00\x70\x39\xd7\xb5\x7d\xba\xff\x4d\xbb\x79\xde\x1c\x9f\
\x40\xb7\x6d\x33\xbd\x6c\x7e\x3b\x02\x60\x59\x5f\xe2\x37\x9d\x48\
\xa5\x7c\x70\xeb\xc7\xf7\xd2\xed\x9e\xf9\x03\xc0\xa7\x74\xb7\x45\
\x4a\xf7\xbf\x71\x67\xd8\xf6\xbf\x7f\xde\x92\xbe\x59\xb6\xc7\x3d\
\x00\x7e\xf9\x03\x39\x00\x86\x13\xdd\x74\xe3\xe6\x8b\x54\xf6\xf9\
\x5f\x4c\xff\x77\x71\x93\x77\x1f\x00\x6c\xaf\x9b\x77\x53\xba\xdf\
\x0d\xbb\xf5\x3c\x70\xc3\x29\xd4\x96\x6d\x93\x16\x4f\x7a\xc0\x31\
\x0e\x80\x17\x7d\x60\xdc\x05\x50\x36\xfd\xef\xe6\xb5\xfd\xaf\x3b\
\xf6\x86\xd7\xf8\x37\xce\xeb\x0d\x00\x57\xa4\xcc\xa4\xe5\x5c\x01\
\xf7\x39\xb3\x93\x2e\x96\x5d\xe9\xed\xb8\x05\xe0\xc9\xc7\x39\x00\
\x7e\xe9\xfd\x7d\x3f\x9d\xb4\xf8\xfc\xb2\x4b\xb7\xe6\xa7\xfe\xbd\
\xc9\x1f\x00\xae\x4a\xd9\xf7\x7f\xff\x9b\x77\xd3\xe9\x45\x5b\xce\
\x8e\xbb\x5c\x34\x69\xf1\x94\xe3\xbc\x0b\xe0\x85\x39\x00\xda\xe1\
\xcd\x43\xfa\xf4\xa1\xdb\x2e\xa6\x73\x7b\xd7\xbe\x4c\x00\x88\xe8\
\xfa\x9d\x94\x3e\xfb\x86\xdd\x72\x22\xbd\x65\xdf\x36\x8b\x1f\x3e\
\xce\x01\xf0\xf3\xef\xcb\x01\x90\x97\x7a\xfb\xf9\xbd\xf4\x2f\xe7\
\x6c\xfa\x07\x80\xbb\xaa\xec\x0a\xf8\x9c\xeb\x17\xe9\xfa\x53\x3b\
\xcb\x65\x7e\x6e\xfd\x43\x0f\x3a\xc6\x01\x30\xec\x02\xc8\x2b\xfc\
\xa1\xb3\x17\xd2\x1d\x5e\xf2\x07\x00\xd7\xe4\x4c\x9b\x23\xe0\xc6\
\x53\xcb\xa6\x6d\x8e\xf7\x2e\x80\x5f\xbe\xb5\xef\xcf\x9e\xef\xd2\
\x07\x73\x00\x2c\x5a\xef\xe8\x0d\x00\xd7\x62\xd9\x75\x39\x00\x76\
\x97\x37\x5f\xb7\x58\x3c\xe9\xfe\xc7\x3c\x00\xfe\xe5\xec\xc5\x74\
\xf6\x42\x37\xbe\xef\x3b\x00\x70\x97\x95\xad\xea\x37\xee\x36\xcb\
\xcf\xbd\xf9\xd4\xf1\x0e\x80\x5f\x7a\x5f\xd7\xbf\xef\x63\x17\x93\
\x97\xfd\x03\xc0\x3c\x76\xfa\x7e\xf9\xe0\x7b\x9c\x5a\x3c\xe5\x41\
\xed\xf1\x0d\x80\xe7\xbf\xbb\xeb\x6f\x3d\x7b\x21\xa5\xf9\xd6\x11\
\x00\x42\xeb\x97\xdd\xf2\x01\x37\x9f\x5e\x3c\xf5\xf3\x8f\x71\x00\
\x3c\xf9\xcd\xe7\x87\x33\x01\xd9\xfa\x0f\x00\xb3\x19\xde\x0b\xe0\
\x45\x0f\x3f\x7d\xdc\x03\xa0\xf7\xf2\x3f\x00\x98\xcf\xb6\x04\x80\
\x2d\x00\x00\x30\x23\x01\x00\x00\x01\x6d\x47\x00\x34\x39\x00\x7a\
\x01\x00\x00\x73\x11\x00\x00\x10\xd0\x76\x04\x80\x5d\x00\x00\x30\
\xab\x2d\x09\x80\xd4\xe7\x05\x2b\x00\x00\x98\xc9\xb6\x04\xc0\x1a\
\x16\x0c\x00\x71\x6d\x49\x00\xd8\x05\x00\x00\x73\x12\x00\x00\x10\
\xd0\xb6\x04\x40\x93\x03\xa0\xdf\xe8\x3d\x03\x00\x27\xd8\xb6\x04\
\x80\x2d\x00\x00\x30\xa3\x2d\x09\x00\xaf\x02\x00\x80\x39\x6d\x49\
\x00\x78\x33\x20\x00\x98\xd3\xb6\x04\x80\x5d\x00\x00\x30\xa3\xed\
\x08\x80\xf2\xec\x7f\xa8\x00\x00\x60\x0e\xdb\x12\x00\x29\x99\xff\
\x01\x60\x36\xdb\x11\x00\x49\x01\x00\xc0\x9c\xb6\x23\x00\xc6\xd7\
\x00\x08\x00\x00\x98\xc9\x76\x04\x40\xd3\xe7\xe9\xdf\x89\x80\x00\
\x60\x2e\xdb\x11\x00\x79\xf6\xcf\x4b\x16\x00\x00\x30\x93\xed\x08\
\x00\xa7\x02\x06\x80\x59\x09\x00\x00\x08\x68\x3b\x02\x60\xa3\x77\
\x09\x00\x9c\x7c\x02\x00\x00\x02\x12\x00\x00\x10\x90\x00\x00\x80\
\x80\x04\x00\x00\x04\x24\x00\x00\x20\x20\x01\x00\x00\x01\x09\x00\
\x00\x08\x48\x00\x00\x40\x40\x5b\x11\x00\xb7\xe4\x8b\x2f\x9d\x56\
\x76\x73\xf7\x0d\x00\x9c\x58\x02\x00\x00\x02\x12\x00\x00\x10\x90\
\x00\x00\x80\x80\x04\x00\x00\x04\x24\x00\x00\x20\x20\x01\x00\x00\
\x01\x09\x00\x00\x08\x48\x00\x00\x40\x40\x02\x00\x00\x02\x12\x00\
\x00\x10\x90\x00\x00\x80\x80\x04\x00\x00\x04\x24\x00\x00\x20\x20\
\x01\x00\x00\x01\x09\x00\x00\x08\x48\x00\x00\x40\x40\x02\x00\x00\
\x02\x12\x00\x00\x10\x90\x00\x00\x80\x80\x04\x00\x00\x04\x24\x00\
\x00\x20\x20\x01\x00\x00\x01\x09\x00\x00\x08\x48\x00\x00\x40\x40\
\x02\x00\x00\x02\x12\x00\x00\x10\x90\x00\x00\x80\x80\x04\x00\x00\
\x04\x24\x00\x00\x20\x20\x01\x00\x00\x01\x09\x00\x00\x08\x48\x00\
\x00\x40\x40\x02\x00\x00\x02\x12\x00\x00\x10\x90\x00\x00\x80\x80\
\x04\x00\x00\x04\x24\x00\x00\x20\x20\x01\x00\x00\x01\x09\x00\x00\
\x08\x48\x00\x00\x40\x40\x02\x00\x00\x02\x12\x00\x00\x10\x90\x00\
\x00\x80\x80\x04\x00\x00\x04\x24\x00\x00\x20\x20\x01\x00\x00\x01\
\x09\x00\x00\x08\x48\x00\x00\x40\x40\x02\x00\x00\x02\x12\x00\x00\
\x10\x90\x00\x00\x80\x80\x04\x00\x00\x04\x24\x00\x00\x20\x20\x01\
\x00\x00\x01\x09\x00\x00\x08\x48\x00\x00\x40\x40\x02\x00\x00\x02\
\x12\x00\x00\x10\x90\x00\x00\x80\x80\x04\x00\x00\x04\x24\x00\x00\
\x20\x20\x01\x00\x00\x01\x09\x00\x00\x08\x48\x00\x00\x40\x40\x02\
\x00\x00\x02\x12\x00\x00\x10\x90\x00\x00\x80\x80\x04\x00\x00\x04\
\x24\x00\x00\x20\x20\x01\x00\x00\x01\x09\x00\x00\x08\x48\x00\x00\
\x40\x40\x02\x00\x00\x02\x12\x00\x00\x10\x90\x00\x00\x80\x80\x04\
\x00\x00\x04\x24\x00\x00\x20\x20\x01\x00\x00\x01\x09\x00\x00\x08\
\x48\x00\x00\x40\x40\x02\x00\x00\x02\x12\x00\x00\x10\x90\x00\x00\
\x80\x80\x04\x00\x00\x04\x24\x00\x00\x20\x20\x01\x00\x00\x01\x09\
\x00\x00\x08\x48\x00\x00\x40\x40\x02\x00\x00\x02\x12\x00\x00\x10\
\x90\x00\x00\x80\x80\x04\x00\x00\x04\x24\x00\x00\x20\x20\x01\x00\
\x00\x01\x09\x00\x00\x08\x48\x00\x00\x40\x40\x02\x00\x00\x02\x12\
\x00\x00\x10\x90\x00\x00\x80\x80\x04\x00\x00\x04\x24\x00\x00\x20\
\x20\x01\x00\x00\x01\x09\x00\x00\x08\x48\x00\x00\x40\x40\x02\x00\
\x00\x02\x12\x00\x00\x10\x90\x00\x00\x80\x80\x04\x00\x00\x04\x24\
\x00\x00\x20\x20\x01\x00\x00\x01\x09\x00\x00\x08\x48\x00\x00\x40\
\x40\x02\x00\x00\x02\x12\x00\x00\x10\x90\x00\x00\x80\x80\x04\x00\
\x00\x04\x24\x00\x00\x20\x20\x01\x00\x00\x01\x09\x00\x00\x08\x48\
\x00\x00\x40\x40\x02\x00\x00\x02\x12\x00\x00\x10\x90\x00\x00\x80\
\x80\x04\x00\x00\x04\x24\x00\x00\x20\x20\x01\x00\x00\x01\x09\x00\
\x00\x08\x48\x00\x00\x40\x40\x02\x00\x00\x02\x12\x00\x00\x10\x90\
\x00\x00\x80\x80\x04\x00\x00\x04\x24\x00\x00\x20\x20\x01\x00\x00\
\x01\x09\x00\x00\x08\x48\x00\x00\x40\x40\x02\x00\x00\x02\x12\x00\
\x00\x10\x90\x00\x00\x80\x80\x04\x00\x00\x04\x24\x00\x00\x20\x20\
\x01\x00\x00\x01\x09\x00\x00\x08\x48\x00\x00\x40\x40\x02\x00\x00\
\x02\x12\x00\x00\x10\x90\x00\x00\x80\x80\x04\x00\x00\x04\x24\x00\
\x00\x20\x20\x01\x00\x00\x01\x09\x00\x00\x08\x48\x00\x00\x40\x40\
\x02\x00\x00\x02\x12\x00\x00\x10\x90\x00\x00\x80\x80\x04\x00\x00\
\x04\x24\x00\x00\x20\x20\x01\x00\x00\x01\x09\x00\x00\x08\x48\x00\
\x00\x40\x40\x02\x00\x00\x02\x12\x00\x00\x10\x90\x00\x00\x80\x80\
\x04\x00\x00\x04\x24\x00\x00\x20\x20\x01\x00\x00\x01\x09\x00\x00\
\x08\x48\x00\x00\x40\x40\x02\x00\x00\x02\x12\x00\x00\x10\x90\x00\
\x00\x80\x80\x04\x00\x00\x04\x24\x00\x00\x20\x20\x01\x00\x00\x01\
\x09\x00\x00\x08\x48\x00\x00\x40\x40\x02\x00\x00\x02\x12\x00\x00\
\x10\x90\x00\x00\x80\x80\x04\x00\x00\x04\x24\x00\x00\x20\x20\x01\
\x00\x00\x01\x09\x00\x00\x08\x48\x00\x00\x40\x40\x02\x00\x00\x02\
\x12\x00\x00\x10\x90\x00\x00\x80\x80\x04\x00\x00\x04\x24\x00\x00\
\x20\x20\x01\x00\x00\x01\x09\x00\x00\x08\x48\x00\x00\x40\x40\x02\
\x00\x00\x02\x12\x00\x00\x10\x90\x00\x00\x80\x80\x04\x00\x00\x04\
\x24\x00\x00\x20\x20\x01\x00\x00\x01\x09\x00\x00\x08\x48\x00\x00\
\x40\x40\x02\x00\x00\x02\x12\x00\x00\x10\x90\x00\x00\x80\x80\x04\
\x00\x00\x04\x24\x00\x00\x20\x20\x01\x00\x00\x01\x09\x00\x00\x08\
\x48\x00\x00\x40\x40\x02\x00\x00\x02\x12\x00\x00\x10\x90\x00\x00\
\x80\x80\x04\x00\x00\x04\x24\x00\x00\x20\x20\x01\x00\x00\x01\x09\
\x00\x00\x08\x48\x00\x00\x40\x40\x02\x00\x00\x02\x12\x00\x00\x10\
\x90\x00\x00\x80\x80\x04\x00\x00\x04\x24\x00\x00\x20\xa0\xad\x08\
\x80\x3e\x99\xfc\x01\x60\x4e\x02\x00\x00\x02\xda\x9a\x00\xe8\xf2\
\x68\x37\x78\xc7\x00\xc0\x49\x36\xcc\xab\xdb\x10\x00\x00\xc0\xcc\
\x04\x00\x00\x04\x24\x00\x00\x20\x20\x01\x00\x00\x01\x09\x00\x00\
\x08\x48\x00\x00\x40\x40\x02\x00\x00\x02\x12\x00\x00\x10\x90\x00\
\x00\x80\x80\xc2\x06\xc0\xa3\xee\xed\xec\xc2\x00\x1c\x6f\x6f\xfc\
\x9f\xe5\xda\x96\x2d\x00\x00\xe0\x98\x12\x00\x00\xc0\xac\x04\x00\
\x00\x04\x24\x00\x00\x20\x20\x01\x00\x00\x01\x09\x00\x00\x08\x48\
\x00\x00\x40\x40\x02\x00\x00\x02\x12\x00\x00\x10\x90\x00\x00\x80\
\x80\x04\x00\x00\x04\x14\x36\x00\x9c\x0a\x18\x80\xe3\xce\xa9\x80\
\xd7\x40\x00\x00\x70\xdc\x09\x00\xd8\xb0\x9b\xba\x73\xf9\x2f\xba\
\x4f\x7d\x6a\x53\xaa\x7f\x85\x4d\x5f\x3e\x6f\xd2\x32\x5f\xdf\xe5\
\xbf\xf6\x7e\xf8\x3c\xa5\x36\x7f\xd2\xe4\xcf\xdb\x7c\xd3\xa6\x1b\
\xbe\x2d\x2d\x53\xb9\x2e\x7f\x77\xb9\x7e\xf8\xe6\x3a\xf2\xd7\xba\
\x34\x7e\x5f\x37\x7c\x3c\x5e\xd9\x4e\xdf\xd7\x94\xe5\xa7\xb4\x53\
\xbe\xa7\x2d\xb7\xe9\xd3\x4e\x5e\x7e\x5f\xbe\x98\xff\xb7\xa8\x5f\
\x2f\x1f\x37\xe5\x9f\x61\xe1\x79\x79\x7d\x33\x2c\x7f\x5c\xd5\x7e\
\x58\xf8\xb2\xaf\xcb\x1e\xd6\x61\xfc\x62\x59\xa7\xb2\xb2\x7d\x5f\
\xbf\x2f\x5f\xdf\x95\x1f\xd5\x8c\xeb\xde\xed\x2f\x23\xff\xac\x72\
\x8b\x61\xbd\xdb\xd4\x0e\x3f\xbe\x1b\x7e\xf7\xe1\x1b\xf2\x0d\x87\
\xef\x69\xc7\xdf\xab\x2c\x6f\x91\x6f\xb1\xc8\x57\x76\x7d\x3b\x2c\
\xbb\xa9\xeb\xb2\x1c\x7e\x64\x5d\xe9\xe1\xbe\x19\x56\x61\x5c\x9f\
\xbe\xac\x5b\x3f\x2e\xb2\x1f\x97\xd3\x34\xf5\xee\x6a\xc6\x25\x94\
\x9f\xb3\xec\xeb\x12\xf3\xff\x16\x7d\xfd\xfa\xfe\xef\x9e\xbf\xb7\
\x1b\xd7\x75\xf8\x8d\xf2\xe5\xb9\xf6\x86\xa3\xfe\x13\x82\x63\xef\
\xb8\x07\xc0\x5e\x1a\x1f\x87\x00\x80\xf9\x2c\x73\x00\xec\xcc\xb5\
\xb0\x75\x04\xc0\x1b\xf3\xc5\x23\x37\x7a\x97\x00\xc0\xc9\x77\x4b\
\x0e\x80\x47\xcd\xb5\xb0\x75\x04\xc0\xf3\xf3\xc5\x8f\x6c\xf4\x2e\
\x01\x80\x93\xef\x05\x39\x00\x9e\x3a\xd7\xc2\xd6\x11\x00\x5f\x91\
\x2f\x5e\xb7\xd1\xbb\x04\x00\x4e\xbe\xc7\xe4\x00\x78\xfd\x5c\x0b\
\x5b\x47\x00\x94\xfd\xff\x6f\x48\x76\x03\x00\xc0\x5c\x6e\xc9\xe3\
\xcb\x73\x00\xcc\xf6\x12\x83\xd9\x03\xa0\xc8\x11\xf0\x75\xf9\xe2\
\xcf\x37\x75\xaf\x00\xc0\x09\xf7\xb8\x3c\xf9\xbf\x6a\xce\x05\xae\
\x25\x00\x0a\xc7\x02\x00\xc0\x2c\x66\xdd\xf7\x3f\x59\x67\x00\x9c\
\xca\x17\xbf\x91\xc7\x77\xad\xf3\x5e\x01\x80\x13\xec\x77\xf2\xf8\
\x9e\x1c\x00\x17\xe6\x5e\xf0\xda\x02\xa0\xa8\x11\xf0\x33\x69\xbd\
\x5b\x02\x9c\x78\x08\x80\xa3\xb0\xd6\x39\x34\x7b\x41\x1e\xcf\x58\
\xc7\xe4\xbf\x89\x95\x1f\xd4\x63\x02\x9e\x95\xe6\x3d\x30\xb0\xab\
\x03\x00\x8e\x52\x5b\xc7\x5c\xca\x01\x7f\xcf\x9a\x7b\x9f\xff\x61\
\x1b\x09\x80\xa2\xbe\x3a\xe0\xcb\xf2\xf8\x96\x3c\x1e\x9d\xc7\xc3\
\x53\x3d\x7b\x2a\x00\x04\x56\xce\xa0\xfb\xe6\x3c\xfe\x3a\x8f\x57\
\xe4\xf1\x37\x73\x1e\xed\xff\xc9\x6c\x2c\x00\x00\x80\xe3\x43\x00\
\x00\x40\x40\x02\x00\x00\x02\x12\x00\x00\x10\x90\x00\x00\x80\x80\
\x04\x00\x00\x04\x24\x00\x00\x20\x20\x01\x00\x00\x01\x09\x00\x00\
\x08\x48\x00\x00\x40\x40\x02\x00\x00\x02\x12\x00\x00\x10\x90\x00\
\x00\x80\x80\x04\x00\x00\x04\x24\x00\x00\x20\x20\x01\x00\x00\x01\
\x09\x00\x00\x08\x48\x00\x00\x40\x40\x02\x00\x00\x02\x12\x00\x00\
\x10\x90\x00\x00\x80\x80\x04\x00\x00\x04\x24\x00\x00\x20\x20\x01\
\x00\x00\x01\x09\x00\x00\x08\x48\x00\x00\x40\x40\x02\x00\x00\x02\
\x12\x00\x00\x10\x90\x00\x00\x80\x80\x04\x00\x00\x04\x24\x00\x00\
\x20\x20\x01\x00\x00\x01\x09\x00\x00\x08\x48\x00\x00\x40\x40\x02\
\x00\x00\x02\x12\x00\x00\x10\x90\x00\x00\x80\x80\x04\x00\x00\x04\
\x24\x00\x00\x20\x20\x01\x00\x00\x01\x09\x00\x00\x08\x48\x00\x00\
\x40\x40\x02\x00\x00\x02\x12\x00\x00\x10\x90\x00\x00\x80\x80\x04\
\x00\x00\x04\x24\x00\x00\x20\x20\x01\x00\x00\x01\x09\x00\x00\x08\
\x48\x00\x00\x40\x40\x02\x00\x00\x02\x12\x00\x00\x10\x90\x00\x00\
\x80\x80\x04\x00\x00\x04\x24\x00\x00\x20\x20\x01\x00\x00\x01\x09\
\x00\x00\x08\x48\x00\x00\x40\x40\x02\x00\x00\x02\x12\x00\x00\x10\
\x90\x00\x00\x80\x80\x04\x00\x00\x04\x24\x00\x00\x20\x20\x01\x00\
\x00\x01\x09\x00\x00\x08\x48\x00\x00\x40\x40\x02\x00\x00\x02\x12\
\x00\x00\x10\x90\x00\x00\x80\x80\x04\x00\x00\x04\x24\x00\x00\x20\
\xa0\xff\x07\xe8\xac\x78\xc4\x7c\xc2\x8d\x64\x00\x00\x00\x00\x49\
\x45\x4e\x44\xae\x42\x60\x82\
\x00\x00\x2d\xd1\
\x89\
\x50\x4e\x47\x0d\x0a\x1a\x0a\x00\x00\x00\x0d\x49\x48\x44\x52\x00\
\x00\x02\x00\x00\x00\x02\x00\x08\x06\x00\x00\x00\xf4\x78\xd4\xfa\
\x00\x00\x00\x04\x73\x42\x49\x54\x08\x08\x08\x08\x7c\x08\x64\x88\
\x00\x00\x00\x09\x70\x48\x59\x73\x00\x00\x85\xb6\x00\x00\x85\xb6\
\x01\xa9\xb9\xf3\xcc\x00\x00\x00\x19\x74\x45\x58\x74\x53\x6f\x66\
\x74\x77\x61\x72\x65\x00\x77\x77\x77\x2e\x69\x6e\x6b\x73\x63\x61\
\x70\x65\x2e\x6f\x72\x67\x9b\xee\x3c\x1a\x00\x00\x2d\x4e\x49\x44\
\x41\x54\x78\xda\xed\xdd\x6b\xb4\x5f\x65\x7d\x27\xf0\x56\xdb\xea\
\xb8\x5c\xce\x1a\xdb\xd1\xd5\x37\x5d\x6b\xec\x6a\xeb\x38\xb6\xab\
\x6b\xcd\xea\xb8\xe6\xc5\xb4\xd3\x54\x6b\x05\x81\x00\xe1\x1a\x20\
\x9c\x5c\x48\x4e\xce\xc9\x49\x4e\x02\xb9\x9e\xe4\x90\x00\x21\x10\
\xee\xf7\xbb\x5c\x02\x84\x5b\x42\x20\xe1\x4e\x50\x50\x10\xad\x08\
\x8a\x54\xbc\xb6\x6a\xed\x68\x1d\xc7\x22\xa2\x5c\xf7\xec\xef\x3e\
\x7f\x6c\xc4\x90\x9c\x93\x9c\xcb\xff\xbf\xf7\xe7\xc5\x67\xd5\x2a\
\x24\xe7\xec\xe7\x79\x7e\xbf\xef\xbe\x3d\xfb\x37\x8a\xa2\xf8\x0d\
\x60\x7c\xcd\x58\x75\xcd\x7f\x2e\xfd\xe9\x8c\xc1\xeb\x3e\x32\x6b\
\xf5\xf5\x47\xcd\x5a\x73\xe3\x82\xe3\x4e\xbe\xe9\xe4\x39\x6b\x6f\
\xb9\xa8\x7b\xdd\xa6\x1b\xe6\x9e\x7e\xfb\xb6\xde\x33\xee\x7c\x64\
\xde\x59\xdb\x9e\x98\x77\xd6\x5d\x5f\x99\x77\xf6\xdd\xcf\xf6\x9d\
\x73\xcf\x37\xe6\x9f\x7b\xef\xb7\xe7\x9f\x77\xff\x77\x16\x9c\xff\
\xc0\xf7\xfb\x2f\x78\xf0\xff\xf4\x5f\xf8\xd0\xbf\x2e\xbc\xe8\x93\
\x3f\x5e\x74\xc9\xc3\x3f\x59\x74\xe9\x23\xcf\x1d\x7f\xd9\x67\x9e\
\x3f\xe1\xf2\x47\x5f\x58\x7c\xe5\x67\x7f\xb1\xe4\xaa\xc7\x5f\x5c\
\xfa\x89\xcf\xbf\xb4\xec\x9a\x2f\xbc\xb2\xfc\xda\x2f\xbe\xba\x7c\
\xc3\x53\xaf\xae\xb8\xfe\xcb\xaf\x0d\xdc\xf8\x95\x62\xe5\xc6\x7f\
\x28\x06\x6f\x7e\xb6\x92\xff\x9c\xff\x2e\xff\x5b\xfe\x99\xfc\xb3\
\xf9\x77\xf2\xef\xe6\xcf\xc8\x9f\x95\x3f\x33\x7f\x76\xfe\x8e\xfc\
\x5d\xf9\x3b\xf3\x77\xe7\x67\xc8\xcf\x92\x9f\x29\x3f\x5b\x7e\xc6\
\xfc\xac\xd5\xcf\x5c\xfe\xec\xf9\x1d\xf2\xbb\xe4\x77\xca\xef\x96\
\xdf\x31\xbf\x6b\x7e\xe7\xfc\xee\xd5\x31\x28\x8f\x85\x39\x01\xe3\
\xcf\x41\x80\x11\x1a\xbc\xe5\x6b\x6f\x99\x7b\xda\xe6\xf7\x95\x0d\
\x6d\xdf\x39\x6b\x6f\x9d\xdf\xbd\xee\xb6\xb3\xba\x4f\xbd\x6d\x43\
\xf9\xdf\xdd\xd5\xb3\xfe\x8e\x4f\x97\x8d\xef\xc9\xb2\x11\x7e\xad\
\x6c\x8c\xdf\x2b\x1b\xe5\x8f\x8e\xbf\xec\xd3\x3f\x5d\x7c\xe5\xe3\
\xbf\x58\x76\xcd\x13\xaf\x0c\xdc\xf0\xe5\xd7\x56\xa5\xf1\xde\xf2\
\x35\x76\x90\x63\x92\x63\x93\x63\x94\x63\x95\x63\x96\x63\x97\x63\
\x98\x63\x99\x63\x9a\x63\x9b\x63\x9c\x63\x9d\x63\x9e\x63\x9f\x31\
\xc8\x58\x64\x4c\xcc\x4d\x10\x00\x60\xc4\xa6\xf6\x9f\xfb\xdb\xc7\
\x2e\xbb\xe2\xbf\x95\x67\xa3\x07\xcd\x5a\x73\xc3\xe2\xd9\xa7\xdc\
\x7c\x51\xd9\x58\xb6\xf4\x9e\xb9\xf5\xb3\xf3\xcf\xbd\xef\xeb\x0b\
\x2f\xfe\xe4\x0f\x17\x5f\xf1\xd8\xcf\x96\x5f\xf7\xe4\x2b\x1a\x78\
\x7b\x06\x88\x8c\x4d\xc6\x28\x63\x95\x31\xcb\xd8\x65\x0c\x33\x96\
\x19\xd3\x8c\x6d\xc6\x38\x63\x6d\xce\x83\x00\x40\x03\xce\xd6\xcb\
\x33\xc5\x3f\x9d\x7d\xca\x2d\x33\xe7\x9c\x7a\xeb\x39\xdd\xeb\x36\
\x6d\x29\xcf\x24\xff\xbe\x3c\xab\xfc\x76\xff\x85\xdb\xff\xef\x09\
\x97\x3f\xfa\xf3\x65\xd7\x7e\xf1\x55\x4d\xbd\x59\x61\x21\x63\x9e\
\xb1\xcf\x1c\xc8\x5c\xc8\x9c\xc8\xdc\xc8\x1c\xa9\xe6\x4a\x39\x67\
\x5c\x55\x40\x00\x80\x36\xd7\xb5\xe2\xaa\x3f\x99\x79\xe2\x86\x69\
\xe5\x99\xde\x59\xb9\xdf\x5c\x16\xf4\xa7\x73\x16\xb8\xe4\x13\x9f\
\x7f\x71\xd5\x4d\xff\xa0\xe9\xb1\x67\x41\xa1\x9c\x3b\x99\x43\x99\
\x4b\x99\x53\x99\x5b\x99\x63\x99\x6b\x99\x73\xd6\x1e\x02\x00\x8c\
\xb1\xc3\x7b\xd7\xbf\xef\xd8\xe5\x57\x1c\x59\x16\xde\xd3\xcb\x33\
\xb3\x3b\x7a\xcf\xd8\xfa\xd4\x82\x0b\x1e\xfc\xc1\xe2\x2b\x1e\xfb\
\xc5\xc0\x0d\x4f\xbf\xa6\x59\x31\x11\x32\xf7\x32\x07\x33\x17\x7b\
\xcf\xdc\xfa\x54\xe6\x66\xe6\x68\xe6\x6a\xe6\xac\xb5\x8b\x00\x00\
\xc3\xb0\xe0\xfc\x07\xde\x3e\x67\xed\x2d\x1f\xeb\x5e\xb7\xe9\xf4\
\x79\x67\x6d\x7b\xb0\xfc\xff\xbf\x9d\xa7\xce\x97\x5f\xf7\xa4\x06\
\x4f\x47\xca\xdc\xcd\x1c\xce\x5c\xce\x9c\xce\xdc\xce\x1c\xcf\x5c\
\xb7\xe6\x11\x00\x68\xe0\xe5\xfa\x2b\x7f\x27\xaf\x7f\xcd\x3e\xe5\
\xe6\x75\x3d\xeb\xef\xb8\xbf\x2c\x86\xff\xb8\xe4\xaa\xc7\x7f\xbe\
\xea\xe6\xaf\x6a\x1a\x34\xe4\x19\x84\xaf\x16\x99\xf3\x99\xfb\x59\
\x03\x59\x0b\x59\x13\x59\x1b\x6a\x04\x02\x00\x1d\x6f\xd2\x3e\xc7\
\xfe\xd6\xb4\x25\x97\x4e\x9a\x79\xe2\x86\x93\xcb\x33\x9f\x7b\xfb\
\xce\xbd\xf7\xdb\x79\x97\x7c\xe5\xc6\x67\x34\x01\xd8\x89\xac\x8d\
\xac\x91\xac\x95\xac\x99\xac\x9d\xac\xa1\xac\x25\x35\x05\x01\x80\
\xb6\x54\x16\xac\x3f\x28\xcf\x62\xfa\xca\xa2\xb5\x69\xde\xd9\x77\
\x7d\x7d\xd1\xa5\x8f\xfc\x6c\xe0\x86\xa7\x15\x75\x18\x9d\x67\x0d\
\x8a\xac\xa9\xac\xad\xac\xb1\xac\xb5\xac\x39\xb5\x07\x01\x80\x71\
\x35\xf7\xb4\xcd\xef\x2a\x0b\x50\x57\xcf\xfa\x2d\xb7\xf4\x5f\xf0\
\xe0\xb7\x96\x5d\xf3\xc4\x8b\x8a\x34\x8c\xbf\xac\xbd\xac\xc1\xac\
\xc5\xac\xc9\xac\x4d\x35\x0a\x01\x80\x51\x71\xe8\xdc\xd3\xde\x3a\
\x7d\xe0\x13\xfb\x96\xc5\xe5\xb2\xf2\xec\xe3\xcb\x27\x5c\xfe\xe8\
\xf3\xab\x6e\x72\xaf\x1e\xda\xf2\xd9\x82\x72\x6d\x66\x8d\x66\xad\
\x66\xcd\x66\xed\x66\x0d\xab\x65\x08\x00\xec\xd6\x11\x7d\x67\xfe\
\xf7\x19\x83\xd7\xae\x2b\xcf\x24\x1e\xed\xbf\x70\xfb\x8f\x57\x5c\
\xff\x25\x4f\xe0\x43\x07\xcb\x1a\xce\x5a\xce\x9a\xce\xda\xce\x1a\
\x57\xeb\x10\x00\x1a\x6e\xf1\x95\x8f\xbf\xed\xb8\x93\x6f\x3a\xb2\
\xfb\xd4\xdb\x6e\xeb\x3b\xe7\x9e\xef\x2c\xb9\xea\x73\xaf\x28\x98\
\x50\x7f\x59\xeb\x59\xf3\x59\xfb\xa9\x01\xa9\x05\x6a\xa2\x00\x40\
\x8d\xf5\xac\xbf\xe3\xad\xb3\x4f\xb9\xf9\xf0\x9e\x33\xee\xbc\x63\
\xd1\x25\x0f\xff\x60\xe5\xc6\x67\x9c\xdd\x03\x79\xfb\xe0\xb5\xd4\
\x84\xd4\x86\xaa\x46\x94\xb5\x42\xcd\x14\x00\xe8\x70\x5d\x2b\xae\
\xda\x77\xce\xa9\xb7\xdd\xb4\xe0\x82\x07\xbf\xe7\x72\x3e\x30\xdc\
\xdb\x06\xa9\x19\xa9\x1d\xa9\x21\x6a\xa9\x00\x40\x07\x38\x72\xc1\
\x39\xff\x6b\xd6\x9a\x1b\x3e\x31\xef\xec\xbb\xbf\x9d\xef\xb9\x2b\
\x66\xc0\xde\x4a\x2d\x49\x4d\x49\x6d\x49\x8d\x51\x6b\x05\x00\xda\
\xc0\x11\xf3\xcf\x7e\xdf\xf4\x95\x57\x9f\x3b\xf7\xf4\x2d\xcf\x9e\
\x70\xc5\x63\x2f\x2b\x56\xc0\x58\x4b\xad\x49\xcd\x49\xed\x49\x0d\
\x52\x8b\x05\x00\xc6\x41\xb9\xf8\xde\x32\xf7\xb4\xdb\xa7\xf6\x9e\
\xb9\xf5\x81\xe3\x2f\x7d\xe4\x39\xaf\xe4\x01\x13\x29\x35\x28\xb5\
\x28\x35\x29\xb5\x69\xd0\x27\x94\x05\x00\x46\xcf\xac\x35\x37\xbc\
\x6d\xf6\x29\x37\x2f\xec\x3b\xf7\xde\xa7\x96\x5f\xf7\xa4\xcb\xfa\
\x40\xdb\x4a\x8d\x4a\xad\x4a\xcd\x4a\xed\x52\xc3\x05\x00\x46\x68\
\xea\xc2\xf3\x7e\x6f\xd6\xea\x1b\x4e\xed\x3b\xe7\xde\x6f\x78\x78\
\x0f\xe8\x44\xa9\x5d\xa9\x61\xa9\x65\xa9\x69\x6a\xbb\x00\xc0\x9b\
\x38\xa4\xfb\xd4\x3f\x9e\x79\xe2\x75\x57\x94\xe9\xf9\xfb\x03\x37\
\xda\x47\x1f\xa8\x8f\xd4\xb4\xd4\xb6\xd4\xb8\xd4\x3a\x35\x5f\x00\
\xf0\x10\x5f\xdf\x99\x7f\x36\x63\xf0\xba\x5b\xe7\x9f\x77\xdf\xff\
\xf3\x95\x3c\xa0\x09\x52\xeb\x52\xf3\x52\xfb\x52\x03\xf5\x02\x01\
\xa0\x31\xe6\x9e\xb6\xf9\x7d\xdd\xeb\x36\x5d\xdd\x7f\xe1\x43\x3f\
\xf6\x10\x1f\xd0\x64\xa9\x81\xa9\x85\xa9\x89\xa9\x8d\x7a\x84\x00\
\x50\x3b\x3d\xeb\xef\xf8\x0f\xe5\x04\x3f\x79\xd1\x25\x0f\x7f\x7f\
\xf0\xe6\x67\x2d\x7c\x80\x37\x2a\x6b\x63\x6a\x64\x6a\x65\x6a\xa6\
\xde\x21\x00\x74\xb4\xe9\x2b\xaf\x9e\xdc\x7b\xe6\xb6\xcf\xaf\xd8\
\xf0\xd4\xab\x16\x38\xc0\xf0\xa4\x66\xa6\x76\xa6\x86\xea\x25\x02\
\x40\xc7\x38\xbc\x77\xfd\xfb\x8e\x3b\x69\xe3\xc6\xe3\x2f\x7d\xe4\
\x79\x0b\x19\x60\xef\xa4\x96\xa6\xa6\xa6\xb6\xea\x31\x02\x40\xdb\
\x99\xb4\xcf\xb1\x6f\x3f\x66\xc9\x25\x03\xbd\x67\x6e\xfd\x8e\x27\
\xf8\x01\x46\x5f\x6a\x6b\x6a\x6c\x6a\x6d\x6a\xae\xde\x23\x00\x4c\
\xa8\x63\x97\x5f\xf9\x81\xd9\xa7\xdc\x72\xdf\xe2\x2b\x1e\xb3\x41\
\x0f\xc0\x38\x49\xcd\x4d\xed\x4d\x0d\xd6\x8b\x04\x80\x71\x53\x4e\
\xbe\xdf\x2c\x53\x68\x77\xff\x05\x0f\x7e\xdb\x53\xfc\x00\x13\xa7\
\x7a\x8b\xa0\xac\xc5\xa9\xc9\xa9\xcd\x7a\x94\x00\x30\x26\x16\x5d\
\xf2\xf0\x6f\xf7\xac\xdf\x72\xe6\x92\x4f\x7c\xde\xbd\x7d\x80\x36\
\x93\xda\x9c\x1a\x9d\x5a\xad\x67\x09\x00\xa3\x62\xda\xb2\xcb\x7f\
\xb7\x7b\xdd\xa6\x8d\xcb\xae\xf9\xc2\x4b\x16\x19\x40\x7b\x4b\xad\
\x4e\xcd\x4e\xed\xd6\xc3\x04\x80\x3d\x72\xc4\xfc\xb3\xfe\xa4\x9c\
\x44\x0f\x2d\xdf\xf0\x94\xbd\xf8\x01\x3a\x4c\x6a\x77\x6a\x78\x6a\
\xb9\x9e\x26\x00\x0c\xcb\x61\x3d\xa7\x7f\xb8\x9c\x34\x4f\x0f\xdc\
\xf0\x65\x8b\x08\xa0\xc3\xa5\x96\xa7\xa6\xa7\xb6\xeb\x71\x02\xc0\
\x4e\x75\xad\xb8\xea\xaf\x7b\xcf\xb8\xf3\x1b\xf6\xe4\x07\xa8\x9f\
\xd4\xf6\xd4\xf8\xd4\x7a\x3d\x4f\x00\xa8\xf4\x9e\xb9\xf5\x7f\x2f\
\x38\xff\xfe\x67\x57\xdd\xec\x89\x7e\x80\xba\x4b\xad\x4f\xcd\x4f\
\xed\x17\x00\x1a\xfa\x8b\xf7\x9d\x73\xcf\x7f\x5d\x78\xf1\xa7\xbe\
\x62\x41\x00\x34\x53\x7a\x40\x7a\x81\x00\xd0\x10\xb3\x4f\xb9\xf9\
\x3f\xce\x3b\x6b\xdb\xdd\x2b\x37\x3e\xe3\xe1\x3e\x80\x86\x4b\x2f\
\x28\x7b\xc2\x5d\xe9\x0d\x02\x40\x4d\x4d\xda\xe7\xd8\xdf\x3c\xee\
\xa4\x8d\xe7\x2e\xbb\xe6\x0b\x2f\x9b\xf4\x00\xec\x28\xbd\x21\x3d\
\x22\xbd\x42\x00\xa8\x91\xa3\x17\x5f\x3c\x7b\xe1\x45\x9f\xfc\xa9\
\x49\x0e\xc0\xae\xa4\x57\xa4\x67\x08\x00\x1d\xee\xc8\xfe\x73\xff\
\x74\xee\xe9\x5b\xfe\x69\xd5\xcd\xcf\x9a\xd8\x00\x0c\x4b\x7a\x46\
\x7a\x47\x7a\x88\x00\xd0\x61\xca\x01\x7c\x6b\xf7\x69\x9b\x37\xac\
\xb8\xfe\x4b\xee\xf3\x03\xb0\x47\xd2\x43\xd2\x4b\xd2\x53\x04\x80\
\x0e\xb0\xe0\xbc\xfb\x0f\x5d\x72\xd5\xe3\xcf\x99\xbc\x00\x8c\x86\
\xf4\x94\xf4\x16\x01\xa0\x7d\xcf\xfa\xdf\xd6\x7f\xe1\xf6\x07\x4d\
\x56\x00\xc6\x42\xab\xc7\xbc\x4d\x00\x68\xa7\x57\xfb\x4e\xbe\xe9\
\x2f\x17\x5f\xf9\xd9\x7f\x33\x41\x01\x18\x4b\xe9\x35\xe9\x39\x02\
\x40\x1b\x38\xee\xa4\x8d\x97\x0f\xdc\xf8\x15\xf7\xfa\x01\x18\x17\
\xe9\x39\xe9\x3d\x02\xc0\x04\x99\x72\xdc\xc9\x7f\x3c\xef\xac\x6d\
\xdf\x33\x19\x01\x98\x08\xe9\x41\xe9\x45\x02\xc0\x38\x9a\xb6\xf4\
\xd2\xe9\x8b\xaf\xfc\xec\x2b\x26\x20\x00\x13\x29\xbd\x28\x3d\x49\
\x00\x18\x07\x73\x4f\xdb\x7c\xad\x2f\xf6\x01\xd0\x2e\xd2\x93\xd2\
\x9b\x04\x80\x31\x32\x70\xc3\x97\xff\xd3\xa2\x8b\x3f\xf5\x55\x93\
\x0d\x80\x76\x94\x1e\x95\x5e\x25\x00\x8c\xa2\xfe\x0b\xb7\xff\xc9\
\xb2\x6b\x9e\xb0\x95\x2f\x00\x6d\x2d\xbd\x2a\x3d\x4b\x00\x18\x05\
\x73\xd6\xde\xf2\x3f\x97\x5d\xfb\xc4\x8b\x26\x16\x00\x1d\x11\x02\
\xca\x9e\x95\xde\x25\x00\xec\x85\x63\x97\x5f\x39\x79\xd9\xb5\x5f\
\xf4\xb0\x1f\x00\x1d\x16\x02\xbe\xf8\x4a\x7a\x98\x00\xb0\x07\x8e\
\x5a\x74\xfe\xbc\xe5\xd7\x3d\xe9\xfd\x7e\x00\x3a\x52\x7a\x58\x7a\
\x99\x00\x30\x92\xe6\x7f\xfc\x85\x4b\x57\x6c\x78\xca\x04\x02\xa0\
\xa3\xa5\x97\xa5\xa7\x09\x00\xc3\x30\xf3\xc4\x0d\x73\x06\xae\xff\
\xb2\x89\x03\x40\x2d\xa4\xa7\xa5\xb7\x09\x00\xbb\x30\xef\xac\x6d\
\x47\xd9\xd6\x17\x80\xda\x85\x80\xb2\xb7\xa5\xc7\x09\x00\x3b\x71\
\xfc\x65\x9f\x3e\x68\xe5\xc6\x67\x34\x7f\x00\x6a\x29\x3d\x2e\xbd\
\x4e\x00\xd8\xc1\xc2\x8b\x3e\xf9\x5f\x56\x5c\xff\xa5\x97\x4d\x10\
\x00\xea\x2c\xbd\x2e\x3d\x4f\x00\x28\xf5\xac\xbf\xe3\xad\x8b\x2e\
\x7d\xe4\x07\x26\x06\x00\x4d\x90\x9e\x97\xde\xd7\xf8\x00\x30\x7b\
\xed\x2d\x0f\x9b\x10\x00\x34\x49\x7a\x5f\xa3\x03\xc0\xd4\xfe\x73\
\xd7\xae\xba\xe9\xab\x26\x03\x00\x8d\x92\xde\x97\x1e\xd8\xc8\x00\
\x70\xc4\xfc\xb3\xdf\xb7\xe4\xaa\xcf\xbd\x6a\x22\x00\xd0\x44\xe9\
\x81\xe9\x85\x8d\x0b\x00\xf3\xcf\xbb\xef\xeb\x26\x00\x00\x4d\x96\
\x5e\xd8\xa8\x00\x30\xff\xdc\xfb\x06\x0c\x3c\x00\x94\x21\xa0\xec\
\x89\x8d\x08\x00\x2b\x37\x3e\xf3\x07\x03\x37\x7e\xc5\x07\x7e\x00\
\xe0\x96\x6a\x93\xa0\x57\xd2\x1b\x6b\x1f\x00\x16\x5d\xf2\xc8\x76\
\x03\x0e\x00\xff\x2e\xbd\xb1\xd6\x01\xa0\xff\x82\x07\x3f\xb8\xea\
\x66\x4f\xfd\x03\xc0\x8e\xd2\x1b\xd3\x23\x6b\x1b\x00\x16\x5c\xf0\
\xe0\x97\x0c\x34\x00\xfc\xba\xf4\xc8\x5a\x06\x80\xb9\xa7\x6d\xfe\
\x1f\xab\x6e\x7e\xd6\x20\x03\xc0\x4e\xaf\x02\x3c\x5b\xa4\x57\xd6\
\x2e\x00\xcc\x3b\xeb\xae\x7b\x0d\x30\x00\xbc\xb9\xf4\xca\xda\x05\
\x80\xa5\x57\xff\xfd\x8b\x06\x17\x00\xde\x5c\x7a\x65\xad\x02\xc0\
\xec\xb5\xb7\x4c\x35\xb0\x00\xb0\x7b\xe9\x99\xb5\x09\x00\x7d\xe7\
\xdc\xf3\x39\x83\x0a\x00\xbb\x97\x9e\x59\x9b\x00\xb0\xe4\xaa\xc7\
\x9f\x37\xa8\x00\xb0\x7b\xe9\x99\xb5\x08\x00\xbd\x67\x6e\xfb\xdd\
\x41\x4f\xff\x03\xc0\xf0\x94\x3d\x33\xbd\xb3\xe3\x03\xc0\xec\xb5\
\xb7\xcc\x33\xa0\x00\x30\x7c\xe9\x9d\x1d\x1f\x00\xe6\xac\xb9\xed\
\x7b\x06\x13\x00\x86\x2f\xbd\xb3\xf3\x6f\x01\x9c\xba\xf5\x67\x06\
\x13\x00\x86\x2f\xbd\xb3\xe3\x03\x40\xdf\xfa\x7b\x04\x00\x00\x18\
\x81\xf4\xce\x8e\x0f\x00\x0b\xcf\xdb\xfe\x82\xc1\x04\x80\xe1\x4b\
\xef\xec\xf8\x00\x70\xc2\xa5\x9f\xfe\xb9\xc1\x04\x80\xe1\x4b\xef\
\xec\xfc\x00\x70\xf9\x63\xbf\x30\x98\x00\x30\x82\x00\x50\xf6\xce\
\xce\xbf\x05\x70\xc1\x43\x6e\x01\x00\xc0\x08\xa4\x77\x76\x7c\x00\
\x98\x7f\xd6\xbd\x1e\x02\x04\x80\x11\x48\xef\xec\xfc\xd7\x00\xd7\
\x6d\xfd\xa9\xc1\x04\x80\xe1\x4b\xef\xec\xf8\x00\xd0\xbd\xfa\xb6\
\xe7\x0c\x26\x00\x0c\x5f\x7a\x67\xe7\x6f\x05\xbc\x6c\xa3\x00\x00\
\x00\x23\x90\xde\xd9\xf1\x01\x60\xee\xb2\xdb\x3c\x04\x08\x00\x23\
\x90\xde\xd9\xf1\x01\x60\xde\x8a\x3b\x5e\x5c\x7c\xf9\xe3\x06\x14\
\x00\x86\x21\x3d\x33\xbd\xb3\x16\x01\x60\xde\xda\xad\x06\x15\x00\
\x86\x21\x3d\xb3\x36\x01\x60\xee\x8a\xdb\x0c\x2a\x00\x0c\x43\x7a\
\x66\x6d\x02\xc0\xc2\x35\x0f\x16\xcb\xae\x7d\xd2\xc0\x02\xc0\x2e\
\xa4\x57\xa6\x67\xd6\x26\x00\x2c\x3a\xe9\xa1\xa2\xe7\xa4\x2d\x06\
\x17\x00\x76\x21\xbd\x32\x3d\xb3\x5e\x01\x60\xc5\xed\x06\x17\x00\
\x76\x15\x00\xca\x5e\x59\xbb\x00\x10\x0b\xce\xba\xdf\x00\x03\xc0\
\x4e\xa4\x47\xbe\xde\x2f\x6b\x17\x00\x5c\x05\x00\x80\x5d\x9f\xfd\
\xd7\x32\x00\xc4\xfc\x33\xee\x33\xd0\x00\xb0\x83\xf4\xc6\x1d\x7b\
\x65\x2d\x03\x40\xef\x8a\x2d\xc5\xe0\xcd\xcf\x1a\x70\x00\x88\xb2\
\x27\xa6\x37\xd6\x3e\x00\xc4\xdc\xc1\xcd\x06\x1c\x00\x4a\xe9\x89\
\x6f\xec\x93\xb5\x0d\x00\x0b\xd7\x6c\x2f\xfa\xcf\x7d\xc8\xc0\x03\
\xd0\x68\xe9\x85\xe9\x89\x8d\x09\x00\xd1\xb7\x72\x5b\x31\xb0\xe1\
\x4b\x26\x00\x00\x8d\x94\x1e\x98\x5e\xb8\xb3\x1e\x59\xeb\x00\x10\
\xdd\xb6\x08\x06\xa0\xa1\xd2\x03\xdf\xac\x3f\xd6\x3e\x00\x54\x0f\
\x05\xfa\x50\x10\x00\x0d\x93\xde\xb7\xab\xde\xd8\x88\x00\xd0\xbf\
\xfa\xfe\x62\xf1\xa5\x9f\x35\x21\x00\x68\x84\xf4\xbc\xf4\xbe\xc6\
\x07\x80\xa1\x0d\x82\xb6\x14\xab\x36\x7e\xd5\xc4\x00\xa0\xd6\xd2\
\xeb\x7a\xde\xf0\xca\x5f\xa3\x03\x40\xf5\x3c\xc0\x80\xe7\x01\x00\
\xa8\xb7\xf4\xba\xe1\xf4\xc4\x46\x05\x00\x21\x00\x00\xcd\xbf\xa1\
\x01\x60\x28\x04\xdc\x6a\xa2\x00\x50\xb3\xe6\x7f\x6b\x31\x92\x5e\
\xd8\xc8\x00\xf0\xfa\xeb\x81\xab\x6c\x17\x0c\x40\x87\x4b\x2f\xdb\
\xd5\xeb\x7e\x02\xc0\x4e\xcc\x4d\x08\xf0\x60\x20\x00\x9d\xda\xfc\
\xcb\x1e\x36\x77\x0f\x9a\x7f\xe3\x03\xc0\xbf\x87\x80\x67\x4c\x24\
\x00\x3a\xac\xf9\x3f\xb3\xc7\xcd\x5f\x00\xf8\x65\x08\xd8\x54\xac\
\xbc\xf1\x2b\x26\x14\x00\x1d\x21\x3d\x2b\xbd\x6b\x6f\x7a\x9f\x00\
\xf0\xcb\x7d\x02\x36\x17\x03\xd7\x3f\x6d\x62\x01\xd0\xd6\xd2\xab\
\xd2\xb3\xf6\xb6\xef\x09\x00\x3b\x6e\x19\x3c\x70\x47\xb1\xf8\x92\
\x47\x4d\x30\x00\xda\x52\x7a\x54\x7a\xd5\x68\xf4\x3c\x01\x60\x27\
\xdb\x06\xcf\xf3\xed\x00\x00\xda\x4c\x7a\xd3\xee\xb6\xf7\x15\x00\
\x46\x41\xf7\x8a\x5b\x8b\x81\x0d\x5f\x36\xe9\x00\x98\x50\xe9\x45\
\xe9\x49\xa3\xdd\xe7\x04\x80\x5d\x1d\x9c\x95\x5b\x8b\xe3\x2f\x7c\
\xd8\x04\x04\x60\x42\xa4\x07\xa5\x17\x8d\x49\x8f\x13\x00\x76\x6d\
\xe1\x9a\x07\x8a\x9e\x35\x5b\x4c\x44\x00\xc6\x55\x7a\x4f\x7a\xd0\
\x58\xf5\x37\x01\x60\x04\x3b\x07\x2e\xbf\xee\x29\x93\x12\x80\x31\
\x95\x5e\xd3\xbd\x17\xef\xf7\x0b\x00\x63\xa0\x6f\xd5\xb6\xa2\xff\
\xdc\xed\x26\x28\x00\x63\x22\x3d\x26\xbd\x66\x3c\x7a\x9a\x00\x30\
\xe2\x5b\x02\xdb\x8b\xee\x95\xb7\x79\x40\x10\x80\x51\x53\x3d\xe8\
\x57\xf6\x96\xf4\x98\xf1\xea\x67\x02\xc0\x1e\x9a\xbf\xea\x6e\xaf\
\x0b\x02\xb0\xd7\xd2\x4b\xd2\x53\xc6\xbb\x8f\x09\x00\x7b\xbd\x83\
\xe0\xed\xc5\xa2\xf3\x3f\x65\x12\x03\x30\x22\xe9\x1d\x55\x0f\x99\
\xa0\xfe\x25\x00\x8c\xe2\x43\x82\xcb\xae\x7e\xc2\xa4\x06\x60\x97\
\xd2\x2b\xc6\xe3\x21\x3f\x01\x60\x1c\x2d\x38\xf1\xbe\xa2\x67\xf5\
\xed\x3e\x31\x0c\xc0\xaf\x49\x6f\x48\x8f\x48\xaf\x68\x87\x9e\x25\
\x00\x8c\xc5\x41\x1d\xb8\xb3\x98\x7f\xc6\x7d\x26\x3c\x00\x95\xf4\
\x84\xf4\x86\xb6\xea\x55\x02\xc0\xd8\xc9\x77\x9a\x17\x5f\xfa\x59\
\x93\x1f\xa0\xa1\xd2\x03\xe6\xb6\xc1\xe5\x7e\x01\x60\x02\x2c\x5c\
\xf3\x60\x75\xaf\x67\xf1\xa5\x8f\x59\x0c\x00\x8d\x69\xfc\x8f\x55\
\xb5\x3f\x3d\xa0\x5d\xfb\x93\x00\x30\x6e\xb6\x0f\x3d\xf4\x71\x81\
\x37\x06\x00\xea\x2a\x35\x7e\xe8\x01\xbf\xed\x6d\xde\x93\x04\x80\
\x09\xba\x35\xb0\xa9\xe8\x3f\xfb\x41\x8b\x05\xa0\x26\x52\xd3\x53\
\xdb\x3b\xa9\x17\x09\x00\x13\x28\xef\x7f\xce\x5f\x7f\x8f\xc5\x03\
\xd0\xa1\x52\xc3\x27\xf2\x5d\x7e\x01\xa0\x43\x03\xc0\xeb\x7a\x07\
\xee\xa8\x76\x82\x5a\x75\xf3\xb3\x16\x14\x40\x9b\x4b\xad\x4e\xcd\
\x4e\xed\xee\xe4\xde\x23\x00\xb4\x91\xbe\x95\xdb\x8a\x9e\x93\xb6\
\x14\x2b\x6f\xfc\x8a\x45\x06\xd0\x66\x52\x9b\x53\xa3\x53\xab\xeb\
\xd0\x73\x04\x80\x36\x94\x3d\xa1\xe7\x0e\x6e\x2a\x96\x5c\xf9\x79\
\x8b\x0e\x60\x82\xa5\x16\xa7\x26\x4f\xc4\x7e\xfd\x02\x40\xc3\x02\
\xc0\x8e\x6f\x0e\xe4\xa1\x92\xbe\x75\x77\xd9\x5d\x10\x60\x1c\xa5\
\xe6\xa6\xf6\x0e\x3d\xd8\xd7\xfe\x4f\xf4\x0b\x00\x35\x36\x7f\xf0\
\x9e\xea\x53\x91\x27\x5c\xf2\xa8\xc5\x09\x30\x46\x52\x63\x53\x6b\
\x53\x73\xeb\xde\x57\x04\x80\x8e\x7c\x7b\x60\x73\xd1\xbb\x76\x6b\
\xb1\xf2\x86\xa7\x2d\x58\x80\xbd\x94\x5a\x9a\x9a\x9a\xda\xda\xa4\
\x5e\x22\x00\x74\xb0\x7c\x50\xa2\x7b\xe0\x36\x9f\x23\x06\xd8\x03\
\xa9\x9d\xa9\xa1\xed\xf2\x71\x1e\x01\x40\x00\xd8\xe3\x57\x09\x7b\
\xd6\x6c\x29\x96\x5f\xf7\x94\x85\x0d\xf0\x26\x52\x23\x53\x2b\x3b\
\xfd\x15\x3e\x01\x40\x00\xf8\x35\x0b\x57\x3f\x50\x7d\x78\x62\xde\
\xa9\xdb\x8a\x81\x0d\x5f\xb2\xe0\x81\xc6\x4b\x2d\x4c\x4d\x4c\x6d\
\x4c\x8d\xd4\x2b\x04\x80\xfa\x87\x81\x35\x43\x5b\x53\xf6\x9e\x7c\
\x67\xb1\xec\xea\x2f\x2a\x04\x40\x63\xa4\xe6\xa5\xf6\xa5\x06\xb6\
\xf3\x07\x79\x04\x00\x01\x60\x1c\xc2\x40\x5e\x29\xdc\x5c\x5d\xfa\
\xb2\xbf\x00\x50\x47\xa9\x6d\xa9\x71\xa9\x75\xa9\x79\x6a\xbf\x00\
\xc0\x4e\xdf\x24\xb8\xbd\x98\x7b\xe2\x66\x9f\x29\x06\x3a\x5a\x6a\
\x58\x6a\x59\xa7\xee\xc7\x2f\x00\x08\x00\x13\xfe\x00\x61\x76\xb9\
\x3a\xfe\xa2\x47\x14\x14\xa0\xed\xa5\x56\xa5\x66\x79\x90\x4f\x00\
\x10\x00\x46\x73\x42\xac\xdc\x5a\xcc\xcd\x26\x18\x67\xdc\xef\x9b\
\x04\x40\x5b\x48\x2d\x4a\x4d\x4a\x6d\x4a\x8d\x52\xab\x05\x00\x01\
\x60\xcc\x9f\x1b\x78\xa0\xba\x97\x96\xa4\xbd\xf0\xbc\x4f\xfa\x5a\
\x21\x30\x2e\x52\x6b\x52\x73\x52\x7b\x86\xee\xe7\x7b\x72\x5f\x00\
\x10\x00\x26\x54\x36\xcb\xc8\x6b\x34\x79\xc8\xc6\x96\xc4\xc0\x68\
\x4a\x4d\x19\x7a\x80\xaf\xb9\x1b\xf3\x08\x00\x02\x40\xc7\xe8\x5b\
\x75\x57\xd1\x9d\x3d\x07\xd6\x6e\x2d\x96\x5e\xf5\xf7\x8a\x18\x30\
\x6c\xa9\x19\xa9\x1d\xa9\x21\xa9\x25\x6a\xaa\x00\x20\x00\x74\xf2\
\x64\x1a\xb8\xb3\xda\x56\xb3\xef\xf4\x7b\x8a\x15\xd7\xd9\x84\x08\
\xf8\x77\xa9\x09\xa9\x0d\xa9\x11\xa9\x15\x6a\xa6\x00\x20\x00\xd4\
\xf6\xf9\x81\xed\xd5\x6b\x39\xf9\xaa\x56\x76\xe0\x5a\x7c\xd9\x67\
\x15\x41\x68\x90\xac\xf9\xac\xfd\xd4\x80\xd4\x02\xef\xe5\x0b\x00\
\x02\x40\x93\x9f\x21\x18\xbc\xa7\xda\x95\x2b\x0f\xf6\xe4\x89\x5e\
\xdf\x2d\x80\x7a\xc8\x5a\xae\x9e\xd2\xaf\x1e\xda\xdb\x54\xad\x75\
\x35\x4f\x00\x10\x00\xd8\xf5\x04\x5c\x79\x67\xd1\xbd\xe2\xd6\xa2\
\xe7\xa4\x2d\xc5\xa2\x0b\x3e\x55\xac\xda\xf8\x55\x05\x15\xda\x58\
\xd6\x68\xd6\x6a\xd6\x6c\xd6\x6e\xd6\xb0\x5a\x26\x00\x08\x00\xec\
\xb5\xfe\xd5\x0f\x54\xdf\xe4\xce\xfb\xbe\x7d\xeb\xee\x2a\x96\x5c\
\xf9\x39\x45\x17\x26\x50\xd6\x60\xd6\xe2\xdc\xea\x52\xfe\xe6\x6a\
\x8d\xaa\x55\x02\x80\x00\xc0\xb8\x98\xbf\xea\xee\xea\xd5\xa0\xee\
\x55\x9b\x8a\x79\xeb\xb6\x15\xc7\x5f\xf4\x69\x57\x0a\x60\x0c\xce\
\xec\xb3\xb6\xb2\xc6\xb2\xd6\xb2\xe6\xb2\xf6\xd4\x20\x01\x40\x00\
\xa0\xad\xe4\xeb\x5e\xbd\x79\xeb\xa0\x2c\x52\xb9\xef\xd8\x77\xda\
\xdd\x43\xdf\x35\xb0\x59\x11\xec\x5a\xb9\x46\xb2\x56\xb2\x66\xb2\
\x76\xb2\x86\xb2\x96\x7c\x31\x4f\x00\x10\x00\xe8\xf8\x5b\x08\xbd\
\x03\x5b\x86\x82\xc1\x89\x9b\x8b\xf9\x67\xdc\xeb\x36\x02\x8d\xbe\
\x7c\x9f\x35\x90\xb5\x30\xd4\xe8\xb7\xb8\x84\x8f\x00\x40\xb3\x64\
\x67\xb1\xea\xb5\xc4\x3c\x70\xb8\xe6\xf6\x62\xc1\x59\xf7\x17\x4b\
\xae\xf8\x9c\xed\x8d\xe9\xfc\x4b\xf7\xe5\x1c\xce\x5c\xce\x9c\xce\
\xdc\xae\xe6\x78\x39\xd7\xed\xa6\x87\x00\x00\xbb\xb9\x95\xd0\x97\
\x0f\x20\xad\xd8\x54\x6d\x50\x92\x33\xa5\xbc\xbb\xbc\xf0\xbc\x87\
\x8a\x65\x57\x3f\xa1\xc1\xd0\x16\x32\x17\xb3\x37\x7e\xe6\x66\x75\
\x36\x9f\xb9\x5a\xce\xd9\xcc\x5d\x97\xee\x11\x00\x0c\x26\x63\x72\
\x4b\xe1\xfe\xea\xfe\x68\xf5\x10\x62\x59\x74\x7b\x56\xdf\x5e\xf4\
\x9d\x7e\x77\x71\xfc\x85\x8f\x14\x03\x1b\xec\x76\xc8\xe8\xc8\x5c\
\xca\x9c\xca\xdc\xca\x1c\x1b\x6a\xf0\x43\xf7\xe6\x33\x07\xad\x45\
\x04\x00\x01\x80\x76\xbb\xb5\x30\x78\x6f\xd1\xbb\x62\xe8\x99\x83\
\x6a\xc7\xb3\x35\x5b\x8a\x79\xeb\xee\x2a\xfa\xcf\x7e\xb0\x58\x7c\
\xc9\xa3\x36\x3b\xa2\x9a\x03\x99\x0b\x99\x13\x99\x1b\x99\x23\x99\
\x2b\xd5\x3d\xf9\x72\xee\x64\x0e\x59\x4b\x08\x00\x02\x00\xb5\xbc\
\xcd\xf0\x40\xd1\xb7\x6a\x5b\x75\x5f\xf6\xf5\x2b\x09\x73\x57\x0d\
\x85\x85\xbc\x5f\xdd\x7f\xce\x83\xd5\x53\xd9\xae\x28\x74\xd6\x19\
\x7b\xc6\x2c\x63\xd7\xd7\x6a\xea\x19\xd3\xd7\xcf\xdc\x33\xd6\x19\
\x73\x9f\xb1\x45\x00\x10\x00\x60\x78\x61\x61\x75\x19\x16\x56\xbe\
\x21\x2c\x0c\x6e\xaa\x1a\x4c\xef\xda\xad\xd5\xab\x5b\x79\xd8\x6b\
\xe1\xf9\x9f\xaa\xce\x2a\x97\x5e\xf5\x85\x62\xe0\xfa\xa7\x35\xe5\
\x3d\x6d\xe4\xe5\xb1\xcb\x31\xcc\xb1\xcc\x31\xcd\xb1\xcd\x31\xce\
\xb1\xae\x9a\xfa\xe0\xa6\x5f\x6d\xea\xe5\xd8\x2c\xf4\x14\x3d\x02\
\x80\x00\x00\xed\x73\x95\x61\x7b\xf5\xd4\x77\xce\x3a\x7b\x07\xee\
\x68\x05\x88\xa1\x77\xbc\xbb\x07\x6e\xad\x2e\x39\x57\x41\x62\xf5\
\xed\x45\xef\xc9\x77\x54\x97\xa2\xe7\x9f\x71\x5f\xd1\x7f\xee\xf6\
\xea\xde\xf3\x09\x17\x7f\xa6\x3a\xa3\x5d\x7c\xf9\xe3\xc5\x92\x2b\
\x3f\x5f\x35\xc5\x65\x57\x7f\xb1\xba\x7c\x9d\x26\xb9\xf2\xc6\x67\
\xc6\xf5\x8d\x89\xfc\x5d\xf9\x3b\xf3\x77\xe7\x67\xc8\xcf\x92\x9f\
\x29\x3f\x5b\x7e\xc6\xfc\xac\xf9\x99\xf3\xb3\xe7\x77\xc8\xef\x92\
\xdf\x29\xbf\x5b\x7e\xc7\xaa\x71\xaf\x6c\xfd\xee\x2b\x86\x1e\x98\
\xcb\x31\xc9\xb1\xc9\x31\xca\xb1\xf2\x71\x1a\x9a\xae\x57\x00\x00\
\x46\x16\x36\x1e\xac\xde\x25\x4f\x13\xcd\xfd\xeb\xf9\x83\x77\x57\
\xdf\x73\x4f\x63\x9d\xb7\x72\x6b\xf5\xa9\xd7\x34\xda\xbc\x73\xde\
\x9b\xa6\x5b\x35\xde\x2d\xd5\x7f\x97\xff\x2d\xff\x4c\xfe\xd9\xfc\
\x3b\xf9\x77\xf3\x67\xe4\xcf\xca\x9f\xe9\x89\x76\x70\x05\x40\x00\
\x00\x00\x01\x40\x00\x00\x00\x01\x40\x00\x00\x00\x01\x40\x00\x00\
\x00\x01\x00\x00\x10\x00\x00\x00\x01\x00\x00\x10\x00\x00\x40\x00\
\x10\x00\x00\x40\x00\x10\x00\x00\x40\x00\x10\x00\x00\x40\x00\x10\
\x00\x00\x40\x00\x10\x00\x00\x40\x00\x10\x00\x00\x40\x00\x10\x00\
\x00\x40\x00\x10\x00\x00\x40\x00\x10\x00\x00\x40\x00\x10\x00\x00\
\x40\x00\x10\x00\x00\x40\x00\x10\x00\x00\x40\x00\x10\x00\x00\x40\
\x00\x00\x00\x04\x00\x00\x40\x00\x00\x00\x04\x00\x00\x10\x00\x04\
\x00\x00\x10\x00\x04\x00\x00\x10\x00\x04\x00\x00\x10\x00\xda\x2b\
\x00\x0c\xdc\xf9\xb2\xc1\x04\x80\x11\x04\x80\xb2\x77\x0a\x00\x00\
\x20\x00\x74\x64\x00\x78\xc9\x60\x02\xc0\x88\x02\xc0\x4b\x02\x00\
\x00\x08\x00\x1d\x19\x00\x3c\x04\x08\x00\x23\x0b\x00\x75\x78\x08\
\xd0\x5b\x00\x00\x30\xb2\x00\x50\x8f\xb7\x00\xdc\x02\x00\x80\x91\
\x5d\x01\xf0\x0c\x00\x00\x08\x00\x02\x00\x00\x08\x00\x9d\x10\x00\
\x7a\x96\x6d\xf6\x0c\x00\x00\x8c\x40\x7a\x67\xc7\x07\x80\xc3\x66\
\xac\x7b\xce\x60\x02\xc0\xf0\xa5\x77\x76\x7c\x00\x38\xf8\x98\x81\
\x17\x16\xae\xd9\x6e\x40\x01\x60\x18\xd2\x33\xd3\x3b\x3b\x3e\x00\
\x1c\x74\xf4\xc0\x8b\xdd\x4b\x6f\x35\xa8\x00\x30\x0c\xe9\x99\xe9\
\x9d\xb5\x08\x00\xc7\xce\xbb\xcc\xa0\x02\xc0\x30\xa4\x67\xd6\x26\
\x00\x1c\x3e\x73\x9d\x41\x05\x80\x61\x48\xcf\xac\x4d\x00\x38\xe4\
\xd8\x13\xf3\x4a\x83\x81\x05\x80\x5d\x48\xaf\x4c\xcf\xac\x55\x00\
\x38\xa6\xe7\x22\x83\x0b\x00\xbb\x90\x5e\x59\xbb\x00\x70\x48\xd7\
\x49\x06\x17\x00\x76\x21\xbd\xb2\x7e\x01\xa0\x34\x63\xc1\x27\x0c\
\x30\x00\xec\x44\x7a\xe4\xeb\xfd\xb2\x76\x01\x60\x4a\x69\xc1\x89\
\xf7\x19\x68\x00\xd8\x41\x7a\xe3\x94\x56\xaf\xac\x65\x00\x88\xa9\
\x73\xce\x31\xd8\x00\xb0\x83\xf4\xc6\x43\xea\x1e\x00\x0e\x3e\x7a\
\x45\xd1\xbb\x7c\x8b\x01\x07\x80\x52\x7a\x62\x7a\x63\xed\x03\x40\
\x1c\x36\xe3\x54\x83\x0e\x00\x27\x3d\x54\xf5\xc4\x37\xf6\xc9\xda\
\x06\x80\x38\xee\xf8\xeb\x0d\x3c\x00\x8d\x96\x5e\xb8\xb3\x1e\x59\
\xeb\x00\x70\x78\x99\x78\x16\xae\x79\xd0\x04\x00\xa0\x91\xd2\x03\
\x0f\xdf\xc9\xd9\x7f\xed\x03\x40\x74\xf5\x5d\x6e\x12\x00\xd0\x48\
\xe9\x81\x6f\xd6\x1f\x6b\x1f\x00\xaa\x5b\x01\x8b\x36\x98\x08\x00\
\x34\x4a\x7a\xdf\xae\x7a\x63\x23\x02\xc0\x21\xc7\xae\x2e\xba\x97\
\xdc\x62\x42\x00\xd0\x08\xe9\x79\xe9\x7d\x02\x40\x4c\x1b\x2c\x7a\
\x57\x78\x35\x10\x80\x7a\x4b\xaf\x3b\x64\xda\x6e\x7a\x62\xa3\x02\
\x40\xf6\x07\x38\x66\xb0\x98\x3f\x78\x8f\x09\x02\x40\x2d\xa5\xc7\
\xa5\xd7\x0d\xa7\x27\x36\x2a\x00\xc4\xa1\x5d\x27\x17\xfd\xab\x1f\
\x30\x51\x00\xa8\x95\xf4\xb6\xf4\xb8\xe1\xf6\xc3\xc6\x05\x80\x38\
\xf2\xb8\x33\xcb\x83\xb5\xdd\x84\x01\xa0\x26\xb6\x57\xbd\x6d\x24\
\xbd\xb0\x91\x01\x20\xa6\xf5\x5c\x64\xc2\x00\x50\x0b\xe9\x69\x23\
\xed\x83\x8d\x0d\x00\x43\x21\xe0\xc2\x62\xe1\x1a\x57\x02\x00\xe8\
\x4c\xe9\x61\xe9\x65\x7b\xd2\x03\x1b\x1d\x00\x5e\xbf\x1d\xd0\xef\
\xf3\xc1\x00\x74\x98\xf4\xae\x91\x5e\xf6\x17\x00\xde\xf8\xe1\xa0\
\xe9\xa7\x14\xf3\x06\xb6\x9a\x50\x00\x74\x84\xf4\xac\xf4\xae\xbd\
\xe9\x7d\x02\x40\xcb\x94\x69\x27\x16\xdd\x4b\x6e\x35\xb1\x00\x68\
\x6b\xe9\x55\x53\xa6\xed\x5d\xcf\x13\x00\x7e\x6d\x9f\x80\x95\xc5\
\xcc\x85\xd7\x9a\x60\x00\xb4\xa5\xf4\xa8\xf4\xaa\xd1\xe8\x79\x02\
\xc0\x4e\x76\x0c\x3c\xb6\xf7\x52\x13\x0d\x80\xb6\x92\xde\x94\x1e\
\x35\x5a\xfd\x4e\x00\x78\x13\x47\x77\x9f\xe7\x53\xc2\x00\x4c\xb8\
\xf4\xa2\xf4\xa4\xd1\xee\x73\x02\xc0\xae\xde\x10\x98\x75\xba\xef\
\x07\x00\x30\x61\xd2\x83\xd2\x8b\xc6\xa2\xc7\x09\x00\xbb\xdd\x3a\
\x78\x4d\x71\x6c\xdf\x65\xf6\x0b\x00\x60\x1c\xcf\xfa\xb7\x57\xbd\
\x27\x3d\x68\xac\xfa\x9b\x00\x30\xdc\x57\x05\x67\x9c\x5a\xf4\x2c\
\xbf\xdd\xc4\x04\x60\x4c\xa5\xd7\xa4\xe7\x8c\x75\x5f\x13\x00\x46\
\xf4\xaa\xe0\x60\x71\x4c\xcf\xc5\xae\x06\x00\x30\x26\x67\xfd\xe9\
\x31\x53\x46\xf1\x41\x3f\x01\x60\xd4\x9d\xe4\x6a\x00\x00\xa3\x7a\
\xd6\x9f\xde\x32\x9e\xbd\x4c\x00\xd8\x0b\x79\x25\xc3\xd5\x00\x00\
\xf6\xe6\xac\xbf\x7a\xbd\x6f\x02\x7a\x98\x00\xb0\x97\x8e\x98\x79\
\x9a\xab\x01\x00\xec\xd1\x59\x7f\x7a\xc8\x44\xf5\x2f\x01\x60\x54\
\xac\x2e\x8e\x9e\x7b\x7e\xd1\xb7\xf2\x2e\x93\x1a\x80\x5d\x4a\xaf\
\x48\xcf\x48\xef\x98\xc8\xde\x25\x00\x8c\xaa\x35\xc5\xb4\xde\x8b\
\x8a\x05\xbe\x2e\x08\xc0\x1b\xa4\x37\xa4\x47\xa4\x57\xb4\x43\xcf\
\x12\x00\xc6\x42\xf6\x0e\x98\x77\x59\xb1\x70\xf5\x03\x26\x3d\x40\
\xc3\xa5\x17\xa4\x27\x1c\xd2\xd5\x1e\x8d\x5f\x00\x18\xa7\x2b\x02\
\x33\x16\x7c\xa2\x9c\x00\x1e\x14\x04\x68\x9e\xed\x55\x0f\x68\x97\
\x33\x7e\x01\x60\x02\x1c\x3a\xfd\xe4\xe2\xb8\xe3\x6f\xb0\x18\x00\
\x1a\x22\x35\x3f\xb5\xbf\x9d\x7b\x93\x00\x30\x9e\x6f\x0c\xcc\x3a\
\xbd\x98\xbb\xf4\x36\x8b\x03\xa0\xa6\x52\xe3\x8f\x18\xa3\xbd\xfb\
\x05\x80\x0e\x0e\x00\xaf\x3b\x6a\xce\x39\x45\xf7\x92\x5b\x2c\x16\
\x80\x9a\x48\x4d\x4f\x6d\xef\xa4\x5e\x24\x00\x4c\xe8\x15\x81\xd3\
\x8a\x99\x0b\xaf\xf5\xd9\x61\x80\x0e\x94\xda\x9d\x1a\x9e\x5a\xde\
\x89\x3d\x48\x00\x68\x87\x67\x04\xba\x4e\xaa\x76\x82\x5a\x30\x78\
\x8f\x45\x05\xd0\xe6\x52\xab\x53\xb3\x53\xbb\x3b\xb9\xf7\x08\x00\
\x6d\x64\xca\xb4\x13\x8b\xa9\xb3\xcf\x29\x7a\x97\x6f\xb1\xc8\x00\
\xda\x4c\x6a\x73\x6a\x74\x6a\x75\x1d\x7a\x8e\x00\xd0\x96\x41\x60\
\x55\x71\xf8\x8c\xd3\x8a\xd9\x27\x6c\xb4\xe8\x00\x26\x58\x6a\x71\
\x6a\x72\x6a\x73\x9d\x7a\x8d\x00\xd0\xe6\x0e\x9b\xbe\xb6\x98\xd9\
\x7f\xb5\x4d\x85\x00\xc6\x51\x6a\x6e\x6a\x6f\x6a\x70\x5d\xfb\x8b\
\x00\xd0\x31\x41\xe0\x94\x62\x5a\xcf\x45\x45\xcf\xf2\xcd\x16\x27\
\xc0\x18\x49\x8d\x4d\xad\x4d\xcd\xad\x7b\x5f\x11\x00\x3a\xd0\xe1\
\x33\xd7\x15\x5d\x7d\x57\x14\xf3\x57\xdd\x6d\xc1\x02\xec\xa5\xd4\
\xd2\xd4\xd4\xd4\xd6\x26\xf5\x12\x01\xa0\xc3\x1d\x31\x6b\x7d\xf5\
\x1a\x4a\xbf\x5b\x04\x00\xc3\x96\x9a\x39\xf4\x0a\xdf\xfa\x46\xf6\
\x0e\x01\xa0\x66\xa6\xce\x3e\xbb\x98\xb3\xf8\x26\x8b\x1b\xe0\x4d\
\xa4\x46\xa6\x56\xea\x19\x02\x40\x4d\xad\x2e\x8e\xe9\xb9\xa8\x98\
\x37\x70\xa7\x05\x0f\x34\x5e\x6a\x61\x6a\x62\x6a\xa3\xfe\x20\x00\
\x34\xe8\x16\xc1\xe9\xd5\xd7\xa8\x3c\x2f\x00\x34\x49\x6a\x5e\x6a\
\x5f\xa7\xec\xcb\x2f\x00\x08\x00\x63\x1e\x06\xba\xe6\x5d\x56\xf4\
\x2e\xbf\x5d\x81\x00\x6a\x27\xb5\x2d\x35\x4e\xd3\x17\x00\xd8\xcd\
\x6b\x85\x47\xcf\xbd\xa0\xba\x1f\xb6\x70\xcd\x76\xc5\x03\xe8\x38\
\xa9\x5d\xa9\x61\xa9\x65\x4d\x78\x6d\x4f\x00\x10\x00\x46\x5f\xd7\
\xea\x62\xea\xec\xb3\x8a\x59\x0b\xaf\x2b\xfa\x4f\xbc\x5f\x61\x01\
\xda\x56\x6a\x54\x6a\x55\x6a\x56\x6a\x97\x1a\x2e\x00\x08\x00\xa3\
\x64\xca\xb4\xc1\x6a\xcb\xcb\xae\xf9\x57\x16\x7d\x2b\xb7\x29\x38\
\xc0\x84\x4b\x2d\x4a\x4d\x1a\xda\x8e\x77\x50\xad\x16\x00\x04\x80\
\xf1\x90\x8d\x31\x8e\x9d\x77\x69\x31\x77\xe9\xad\x6e\x15\x00\xe3\
\x76\x69\x3f\x35\x27\xb5\xa7\x69\x9b\xf3\x08\x00\x02\x40\x7b\x3e\
\x37\xd0\xb5\xa6\x38\x72\xf6\x99\x45\x57\xdf\xe5\xc5\xdc\x65\xb7\
\x95\x0b\x55\x20\x00\x46\xc3\xf6\xaa\xa6\xa4\xb6\xa4\xc6\xa4\xd6\
\xa8\xb9\x02\x80\x00\xd0\xc6\x0e\x4d\x20\x38\xee\x8c\x56\x20\xd8\
\xa4\x88\x01\xc3\x96\x9a\x51\x35\xfc\xb2\x86\x1c\xaa\xe1\x0b\x00\
\x02\x40\xa7\x3f\x4c\xf8\x7a\x20\xb8\xc2\x47\x8b\x80\x5f\x91\x9a\
\x90\xda\x90\x1a\x71\x88\x86\x2f\x00\x08\x00\x75\xb7\xba\x5c\xec\
\x67\x16\xd3\xe7\x5f\x59\xf4\xae\xd8\xa2\x08\x42\x83\x64\xcd\x67\
\xed\xa7\x06\xd8\x81\x4f\x00\x10\x00\x9a\xfe\x0c\xc1\xf4\x53\xaa\
\x57\x77\xf2\x60\xcf\x71\xc7\xdf\x60\x77\x42\xa8\x89\xac\xe5\xac\
\xe9\xac\xed\xac\x71\xef\xe4\x0b\x00\x02\x00\x23\x0a\x05\xb3\x17\
\x6f\x2c\x16\x0c\xde\xab\xa0\x42\x1b\xcb\x1a\xcd\x5a\xd5\xec\x05\
\x00\x01\x80\x31\x0b\x05\x79\x40\x68\xce\x92\x9b\x8b\xfe\xd5\x36\
\x27\x82\x89\x90\xb5\x97\x35\x98\xb5\xa8\xd9\x0b\x00\x02\x00\xe3\
\x6e\xca\xb4\x13\x8b\x43\xcb\xc2\x73\xd4\x9c\x73\x8a\xe9\xf3\xaf\
\x2a\xe6\x2e\xbd\xad\x58\xb8\xfa\x01\x05\x1a\x46\x51\xd6\x54\xd6\
\x56\xd6\x58\xd6\x5a\xd6\x5c\xd6\x9e\x1a\x24\x00\x08\x00\xb4\x99\
\xd5\xc5\xe1\x33\x4e\x2d\xcf\x4a\xce\x2c\xa6\xf5\x5c\x54\xcc\xec\
\xbf\xa6\x7a\x8f\xd8\xd5\x02\xd8\xfd\x59\x7d\xd6\x4a\xd6\x4c\xd6\
\x4e\xd6\x50\xd6\x92\x07\xf5\x04\x00\x01\x80\x1a\xdc\x42\x38\xb9\
\x7a\xd5\xe8\x98\xb9\x17\x54\x9f\x03\xed\x5e\x72\x6b\xb1\xe0\x44\
\xcf\x16\xd0\xb0\x7b\xf5\xe5\x9c\xcf\xdc\xcf\x1a\xc8\x5a\xc8\x9a\
\xc8\xda\x50\x23\x10\x00\x68\x9e\xae\x93\x8a\x23\x66\x9e\x56\x1c\
\xdd\x7d\x7e\xf5\x7a\xd2\x9c\xc5\x37\x17\xf3\x07\xef\xd1\x2c\xe8\
\x68\x99\xc3\x99\xcb\x99\xd3\x99\xdb\x99\xe3\x99\xeb\xd6\x3c\x02\
\x00\xec\xf6\x8a\x41\x19\x0c\x66\x9d\x56\x4c\x9d\x7d\x76\x75\x49\
\x74\xfa\x82\xab\x8a\xd9\x27\xdc\x58\xbd\xc7\xdc\xef\x59\x03\x26\
\xfc\x92\xfd\x03\xd5\x5c\xcc\x9c\xcc\xdc\x1c\xba\x6c\x7f\x76\x35\
\x67\x33\x77\xad\x61\x04\x00\x83\xc9\x18\x39\x74\xfa\xd0\x95\x83\
\x9d\x05\x04\x0f\x23\x32\x1a\x0f\xdf\xed\xb4\xc1\x97\x73\xee\x50\
\x0d\x1e\x01\x40\x00\xa0\x5d\x0d\x56\x97\x5b\x0f\x9f\xb1\xae\x38\
\x72\xf6\x59\xc5\x31\x65\xf1\xce\x3d\xd7\xd9\x27\x6c\x2c\x7a\x96\
\x6d\x2e\xfa\x56\xdd\xe5\x2b\x8a\x4d\x6e\xee\xe5\xd8\x67\x0e\x64\
\x2e\x64\x4e\x54\xf7\xe3\xcb\x39\x92\xb9\x92\x39\x33\x74\xa9\xde\
\xe7\x6d\x11\x00\x04\x00\x6a\x7d\x15\xe1\xb0\x19\xa7\x16\x47\xce\
\x5a\x5f\x9d\xdd\x1d\x3d\xf7\xfc\x6a\x23\x95\x19\xe5\x19\xdf\x71\
\x8b\x36\x14\xdd\x4b\x6e\x29\xe6\x0d\xdc\x59\xf4\x9f\x78\x9f\xc6\
\xd9\xee\x97\xe4\xcb\x31\xca\x58\x65\xcc\x32\x76\x19\xc3\x8c\x65\
\xc6\x34\x63\x9b\x31\xce\x58\x3b\x7b\x47\x00\x10\x00\x60\x84\x56\
\x57\x4f\x6b\x57\x57\x15\xca\x66\x92\x77\xb2\x73\xd6\x98\x0f\xa9\
\xcc\xec\xbf\xba\x98\x55\x36\x9d\x9c\x4d\x76\x2f\xbd\xb5\xe8\x5d\
\x7e\x7b\xd1\xb7\x72\x5b\xf5\xc4\xb7\x2b\x0d\x23\x3b\x33\xcf\x31\
\xcb\xb1\xcb\x31\xcc\xb1\xcc\x31\xcd\xb1\xcd\x31\xce\xb1\xce\x31\
\xcf\xb1\xcf\x18\x64\x2c\x86\x9e\xa0\xf7\xaa\x1c\x02\x80\x00\x00\
\xed\x78\xa5\xe1\xd8\x35\xc5\x61\x5d\xb9\xda\xb0\xb6\x38\x7c\xe6\
\xba\xe2\x88\x59\xa7\x57\x1f\x63\xc9\x99\xe9\x51\xdd\xe7\x95\x4d\
\xed\xc2\x62\x5a\xef\x25\xd5\xce\x6e\xb9\x1c\x3d\x6b\xe1\x75\xd5\
\xbd\xe7\xec\xf6\x96\x57\xc6\xb2\x11\x4c\xcf\xb2\x4d\x45\x4f\xd9\
\x14\x73\x5f\x3a\x67\xba\xf3\x56\x6e\xad\x2e\x63\x67\xbf\xf7\x34\
\xcd\xfe\x13\xef\xaf\xee\x5b\x8f\x66\xe0\xc8\x9f\x95\x3f\x33\x7f\
\x76\xfe\x8e\xfc\x5d\xf9\x3b\xf3\x77\xe7\x67\xc8\xcf\x92\x9f\x29\
\x3f\x5b\x7e\xc6\xfc\xac\xf9\x99\xf3\xb3\xe7\x77\xc8\xef\x92\xdf\
\x29\xbf\x5b\x7e\xc7\xfc\xae\xd5\xd9\x78\xf9\xbb\xe7\x18\xe4\x58\
\xe4\x98\xe4\xd8\xe4\x18\x99\x2b\x20\x00\x00\x7b\x1b\x3a\xba\xf2\
\x7f\xd7\x54\xdf\x74\x3f\x34\x0d\x36\x01\x24\xb7\x3c\xa6\x9f\x52\
\x36\xdd\x96\xfc\xe7\xe9\x27\xfd\xf2\x7f\x1f\xfa\xfe\xfb\x9a\xd6\
\xbf\x0b\x08\x00\x02\x00\x00\x08\x00\x02\x00\x00\x08\x00\x02\x00\
\x00\x08\x00\x02\x00\x00\x08\x00\x06\x13\x00\x04\x00\x00\x40\x00\
\x00\x00\x04\x00\x00\x10\x00\x04\x00\x00\x10\x00\x04\x00\x00\x10\
\x00\x04\x00\x00\x10\x00\x04\x00\x00\x10\x00\x04\x00\x00\x10\x00\
\x04\x00\x00\x10\x00\x04\x00\x00\x10\x00\x04\x00\x00\x10\x00\x04\
\x00\x00\x10\x00\x04\x00\x00\x10\x00\x04\x00\x00\x10\x00\x04\x00\
\x00\x10\x00\x04\x00\x00\x10\x00\x04\x00\x00\x10\x00\x00\x00\x01\
\x00\x00\x10\x00\x00\x40\x00\x10\x00\x00\x40\x00\x10\x00\x00\x40\
\x00\x10\x00\x00\x40\x00\x68\xdf\x00\xf0\xb2\xc1\x04\x80\x11\x05\
\x80\x97\x05\x00\x00\x10\x00\x3a\x31\x00\xac\x78\xc9\x60\x02\xc0\
\x48\x02\xc0\x8a\x97\x3a\x3e\x00\x1c\x7c\xf4\x80\x00\x00\x00\x23\
\x90\xde\xe9\x21\x40\x00\x68\xdc\x15\x00\x6f\x01\x00\x80\x00\xd0\
\xa1\x01\xc0\x2d\x00\x00\x18\x59\x00\xa8\xc5\x2d\x00\x01\x00\x00\
\x04\x00\x00\xa0\xf6\x01\xe0\xc0\xa9\x4b\x3d\x03\x00\x00\x23\x90\
\xde\xd9\xf1\x01\xe0\xa3\x93\xe7\x3c\x67\x30\x01\x60\xf8\xd2\x3b\
\x3b\x3e\x00\xfc\xcd\xbe\x5d\x2f\x1c\x32\x6d\xd0\x80\x02\xc0\x70\
\x94\x3d\x33\xbd\xb3\xe3\x03\xc0\xa4\x7d\x8e\x7d\xf1\xc0\xa9\xcb\
\x0c\x28\x00\x0c\x43\x7a\x66\x7a\x67\x2d\x02\xc0\xc7\x0f\xed\x37\
\xa8\x00\x30\x0c\xe9\x99\xb5\x09\x00\x7f\x7b\xc0\x6c\x83\x0a\x00\
\xc3\x90\x9e\x59\x9b\x00\x50\x2a\x0e\x3a\x6a\x85\x81\x05\x80\x5d\
\x48\xaf\x4c\xcf\xac\x55\x00\xd8\x77\xca\x7c\x83\x0b\x00\xbb\x90\
\x5e\x59\xbb\x00\xf0\xe1\x8f\xcf\x28\x7f\x39\x6f\x03\x00\xc0\xce\
\x0d\x56\xbd\xb2\x76\x01\x20\xf6\x3b\x74\xa1\x01\x06\x80\x9d\x48\
\x8f\x7c\xbd\x5f\xd6\x2e\x00\xfc\xcd\xbe\xd3\x8b\x29\xc7\xac\x34\
\xd0\x00\xb0\x83\xf4\xc6\xf4\xc8\xda\x06\x80\xd8\xe7\xe0\x79\x06\
\x1b\x00\x76\x90\xde\xb8\x63\xaf\xac\x65\x00\x88\x03\x8f\x5a\x6e\
\xc0\x01\xa0\x94\x9e\xf8\xc6\x3e\x59\xdb\x00\xf0\xd1\x03\xe6\x18\
\x74\x00\x28\xa5\x27\x36\x26\x00\xc4\x01\x47\x9c\x60\xe0\x01\x68\
\xb4\xf4\xc2\x9d\xf5\xc8\x5a\x07\x80\x0f\xef\x37\xb3\x98\xe2\x23\
\x41\x00\x34\x54\x7a\x60\x7a\x61\xe3\x02\x80\xcd\x81\x00\x68\xb2\
\x1d\x36\xfd\x69\x5e\x00\x88\xfd\x0f\x3f\xde\x44\x00\xa0\x51\xd2\
\xfb\x76\xd5\x1b\x1b\x11\x00\x26\xed\xd3\x55\x4c\x3e\x72\x89\x09\
\x01\x40\x23\xa4\xe7\xa5\xf7\x09\x00\xad\x0d\x82\x0e\xf2\x6a\x20\
\x00\x35\x97\x5e\xf7\x86\x0d\x7f\x9a\x1d\x00\x86\xbe\x15\x30\xb3\
\x38\xd8\x2e\x81\x00\xd4\x54\x7a\x5c\x7a\xdd\x70\x7a\x62\xa3\x02\
\x40\xfc\xed\xfe\xc7\x15\x53\xa6\xad\x32\x51\x00\xa8\x95\xf4\xb6\
\xf4\xb8\xe1\xf6\xc3\xc6\x05\x80\x6a\x93\xa0\xc9\xdd\x85\xaf\x06\
\x02\x50\x1f\x83\x55\x6f\x1b\x49\x2f\x6c\x64\x00\x88\x8f\x1d\xd4\
\x6b\xc2\x00\x50\x0b\xe9\x69\x23\xed\x83\x8d\x0d\x00\xbf\x0c\x01\
\x36\x0a\x02\xa0\x53\x95\x3d\x6c\x0f\x9b\x7f\xb3\x03\xc0\xeb\xdf\
\x0c\x98\x72\x8c\x67\x02\x00\xe8\x2c\xe9\x5d\x6f\xb2\xc7\xbf\x00\
\x30\x5c\x1f\xd9\x6f\x56\x71\xd0\xd1\x2b\x4c\x28\x00\x3a\x42\x7a\
\x56\x7a\xd7\xde\xf4\x3e\x01\x60\x87\x7d\x02\x26\x1f\xb9\xd4\xc4\
\x02\xa0\xad\xa5\x57\x0d\xf3\x3d\x7f\x01\x60\xf8\xba\x6c\x1b\x0c\
\x40\xdb\x1a\xda\xde\xb7\xab\x18\x9d\x9e\x27\x00\xf8\x80\x10\x00\
\x6d\x6f\x37\x1f\xf6\x11\x00\x46\xcb\xdf\x1d\x38\xd7\xa7\x84\x01\
\x98\x70\xe9\x45\xe9\x49\xa3\xdd\xe7\x04\x80\x5d\x3d\x1c\xb8\xff\
\xac\xe2\xc0\xa3\x96\x99\x80\x00\x4c\x88\xf4\xa0\xf4\xa2\xb1\xe8\
\x71\x02\xc0\x30\x6f\x09\xb8\x1a\x00\xc0\x78\x9e\xf5\x8f\xc1\x25\
\x7f\x01\x60\x8f\xaf\x06\x4c\x75\x35\x00\x80\x31\x3e\xeb\x9f\x3a\
\xa6\x67\xfd\x02\x80\xab\x01\x00\x34\xf0\xac\x5f\x00\x70\x35\x00\
\x80\x06\x9e\xf5\x0b\x00\xae\x06\x00\xd0\xc0\xb3\x7e\x01\x60\xd4\
\xae\x06\xec\xe7\x6a\x00\x00\x7b\x78\xd6\xbf\xdf\xac\x89\x6a\xfe\
\x02\xc0\xe8\xed\x1b\xd0\xe3\x7b\x02\x00\xec\x56\x7a\x45\x7a\xc6\
\x44\xf7\x2d\x01\x60\x54\x75\x15\xfb\x1c\x3c\xaf\x38\xf8\x98\x95\
\x26\x39\x00\xbf\x22\xbd\x21\x3d\x62\x14\xb7\xf2\x15\x00\xda\x27\
\x00\xbc\xfe\x61\xa1\xae\x62\xdf\x43\x16\x14\x53\xa6\xf9\xcc\x30\
\x40\xd3\xa5\x17\xa4\x27\xa4\x37\xb4\x53\xaf\x12\x00\xc6\xd0\x87\
\x3f\x3e\xa3\xd8\xef\xb0\x85\xe5\x04\xf0\xa0\x20\x40\xf3\x0c\x56\
\x3d\x20\xbd\xa0\x1d\x7b\x94\x00\x30\x2e\x0f\x0a\xce\x2c\xf6\x3f\
\xfc\x04\x8b\x01\xa0\x21\x52\xf3\x53\xfb\xdb\xb9\x37\x09\x00\xe3\
\xe8\x6f\xf7\x3f\xae\x98\x7c\xe4\x12\x8b\x03\xa0\xa6\x52\xe3\x53\
\xeb\x3b\xa1\x27\x09\x00\x13\xe0\xa3\x93\xe7\x14\x07\x1c\xb1\xd8\
\x62\x01\xa8\x89\xd4\xf4\xd4\xf6\x4e\xea\x45\x02\xc0\x84\xde\x1a\
\x98\x55\xec\x77\xd8\x22\x9b\x09\x01\x74\xa0\xd4\xee\xd4\xf0\x09\
\x7e\x97\x5f\x00\xe8\xd0\x83\xdf\x7a\x6b\x60\x7a\xb5\x13\xd4\xc1\
\xc7\x0c\x58\x54\x00\x6d\x2e\xb5\x3a\x35\x3b\xb5\xbb\x93\x7b\x8f\
\x00\xd0\x56\xba\x8a\x8f\x1d\xd4\x63\x67\x41\x80\x36\x94\xda\x9c\
\x1a\xdd\x46\xef\xf1\x0b\x00\xf5\x09\x00\x3b\x3c\x30\x78\xc0\x6c\
\xcf\x09\x00\xb4\x81\xd4\xe2\xd4\xe4\xba\xf5\x19\x01\xa0\xcd\x7d\
\x78\xbf\x99\xc5\x7e\x87\x2e\xb4\xa9\x10\xc0\x38\x4a\xcd\x4d\xed\
\xfd\x70\xfb\xbf\xca\x27\x00\xd4\x78\x80\x7e\xf9\x9c\xc0\xc7\x0e\
\xee\x2d\x26\x4f\x5d\x6a\x71\x02\x8c\x91\xd4\xd8\xd4\xda\x1a\xdc\
\xdf\x17\x00\xea\x7a\x55\x20\xdb\x4a\xfa\xf8\x10\xc0\xde\x4b\x2d\
\x4d\x4d\xad\xf9\xd9\xbe\x00\x50\xc7\x67\x05\x86\x5e\x25\x74\x8b\
\x00\x60\x44\x97\xf8\xcb\xda\x59\xd3\x7b\xfb\x02\x40\x93\xe4\x23\
\x13\xf9\xbc\xe4\xd0\x83\x83\xf6\x15\x00\xf8\x75\x83\x55\x8d\x4c\
\xad\x6c\xc3\x0f\xf3\x08\x00\x02\xc0\x28\xdc\x22\xf8\xf8\x8c\x62\
\x9f\x83\xfb\x8a\x03\x8f\x5a\x6e\xc1\x03\x8d\x97\x5a\x98\x9a\xd8\
\xc6\x1f\xe5\x11\x00\x04\x80\xd1\xf7\x91\xfd\x67\x15\x1f\x3f\xb4\
\xdf\xf3\x02\x40\xa3\xa4\xe6\xa5\xf6\xa5\x06\xea\x05\x02\x80\x30\
\xb0\xdf\xac\x6a\xf7\x2a\x1b\x0d\x01\xb5\x3c\xd3\x2f\x6b\x5b\x6a\
\x5c\x07\x6f\xcd\x2b\x00\x08\x00\xe3\x73\x9b\xe0\x63\x07\xf5\x56\
\xf7\xc3\x7c\x8b\x00\xe8\x44\xa9\x5d\xa9\x61\xa9\x65\x2e\xef\x0b\
\x00\xec\xf1\x03\x84\x73\x8b\xfd\x0f\x3b\xbe\x38\xf8\x98\x95\x0a\
\x0b\xd0\xb6\x52\xa3\x52\xab\x52\xb3\x3c\xc8\x27\x00\x08\x00\x63\
\xf0\x6a\x61\xf5\xdc\xc0\x51\x9e\x1b\x00\x26\x5e\x6a\x51\x6a\x52\
\xc3\x5f\xd9\x13\x00\x04\x80\xf1\x7f\x6e\x60\x9f\x29\x7d\xc5\xe4\
\x23\x97\xb8\x55\x00\x8c\xdb\xa5\xfd\xd4\x9c\xd4\x1e\xf7\xf3\x05\
\x00\x01\xa0\x2d\x74\x55\x09\x7c\xdf\x43\xe6\x97\x8b\x73\xa9\x40\
\x00\x8c\x62\xc3\x5f\x5a\xd5\x96\xa1\xb3\x7c\x97\xf6\x05\x00\x01\
\xa0\xbd\xed\xdb\x55\x7c\xf4\x80\x39\xd5\x16\x9a\x02\x01\x30\xf2\
\x86\xbf\xa0\xaa\x21\x93\xdc\xcb\x17\x00\x04\x80\xce\x7f\x98\xf0\
\xa3\x93\xe7\x14\x1f\x2f\x17\xf5\x81\xf9\x68\x91\x40\x00\x44\x59\
\x0b\x52\x13\x52\x1b\x52\x23\x3c\xbc\x27\x00\x08\x00\x8d\x08\x04\
\xdd\xd5\xc3\x3b\x43\x7b\x0f\x08\x04\xd0\x0c\x83\xd5\x9a\xcf\xda\
\x4f\x0d\xd0\xf0\x05\x00\x01\x40\x20\xa8\xee\xef\xe5\xc1\x9e\xfd\
\x0f\x3f\xc1\xee\x84\x50\x13\x59\xcb\x59\xd3\x59\xdb\x59\xe3\x1a\
\xbe\x00\x20\x00\x30\x8c\x50\x30\xbd\xba\x24\x98\xdd\xbb\xb2\xa1\
\xc7\xc1\x47\x0f\x28\xa8\xd0\xc6\xb2\x46\xb3\x56\xb3\x66\x87\x2e\
\xe7\x4f\x57\xcb\x04\x00\x01\x80\xd1\x91\x1d\xbd\xfe\x6e\x72\x77\
\xf5\x80\xd0\x01\x47\x2e\xb1\x39\x11\x4c\x54\xb3\x2f\xd7\x5e\xd6\
\x60\xd6\x62\xd6\xa4\xdd\xf6\x04\x00\x01\x80\xf1\x0f\x05\xfb\xcd\
\xac\x76\xfe\xca\x3d\xc5\x6a\x4f\x02\xa1\x00\x46\x55\xd6\x54\xd6\
\x56\xd6\x58\xd6\x5a\xd6\x9c\xda\x23\x00\x08\x00\xb4\xed\x95\x82\
\xbc\x42\xb4\xcf\xc1\xf3\x8a\xfd\x0e\x5b\x58\xbd\x56\xe4\x6a\x01\
\xec\xfe\xac\x3e\x6b\x25\x6b\x26\x6b\x27\x6b\xc8\x99\xbd\x00\x20\
\x00\x50\x9b\xe7\x0a\xf2\x20\xd2\xc7\x0e\xee\x2d\xf6\x3b\x74\x61\
\x75\x56\xe3\xd9\x02\x9a\x78\xaf\x3e\x73\x3f\x6b\x20\x6b\x61\xe8\
\xe1\x3c\xf7\xeb\x11\x00\x68\x6a\x30\xd8\x7f\x76\xf5\xe5\xb0\x5c\
\xe6\xcc\x83\x4c\xde\x44\xa0\xd3\x65\x0e\x67\x2e\x67\x4e\x67\x6e\
\x67\x8e\x6b\xf4\x08\x00\x30\xac\x60\xd0\x55\xed\x37\x9e\xf7\x95\
\x73\x49\x34\x85\x34\xaf\x34\xe5\x3d\x66\xb7\x14\x68\x87\x4b\xf6\
\x99\x8b\x99\x93\x99\x9b\xd5\x65\xfb\x72\xae\x66\xce\x7a\xdd\x0e\
\x01\x40\x00\x60\x3c\x03\xc2\x21\x02\x02\x63\xd4\xe0\x0f\xd1\xe0\
\x11\x00\x04\x00\x3a\x47\x15\x10\x66\x56\xef\x44\xe7\x5e\x6b\xb6\
\x3b\xdd\xff\xf0\xe3\xab\xfb\xaf\x07\x1e\xb5\xbc\x15\x12\xec\x82\
\xd8\x3c\x83\x43\xcd\xbd\x9c\x03\x99\x0b\x99\x13\x99\x1b\x99\x23\
\x99\x2b\x99\x33\xf6\xc0\x47\x00\x10\x00\x68\xc2\x95\x84\x8f\x4f\
\x2f\x3e\xb2\xff\xac\xaa\xf8\xff\xdd\x41\x3d\xe5\x99\x5e\xdf\xd0\
\xd5\x84\xc3\x16\x55\xf7\x70\xab\x2b\x0a\x47\x0f\xf8\xa8\x52\x1b\
\xcb\xd8\x64\x8c\x32\x56\x19\xb3\x8c\xdd\xd0\x59\x7b\x5f\x35\xa6\
\x55\x63\x2f\xc7\x38\x63\x6d\xce\x23\x00\x08\x00\xb0\x07\xb7\x1d\
\xa6\x57\x67\x88\x79\x72\x3b\xef\x64\xe7\xb2\x70\x36\x63\xc9\x13\
\xdd\x39\x93\x3c\xe0\x88\x13\x86\xae\x30\x94\x8d\xe8\xa0\x5c\x65\
\x48\x70\x38\x66\x95\x2b\x0d\xc3\x3c\x33\xcf\xb1\xca\x31\xcb\xb1\
\xcb\x31\xcc\xb1\xcc\x31\xcd\xb1\xcd\x31\xce\xb1\xce\x31\xcf\xb1\
\xcf\x18\x64\x2c\x3c\x58\x87\x00\x20\x00\x40\x9b\x87\x87\xae\xea\
\xbd\xee\x2a\x40\xec\x7f\x5c\xf5\x9e\x77\x76\x71\x1b\xba\xea\x30\
\xaf\xda\xaf\xfd\xf5\x30\xb1\x5f\x79\x06\x9b\x7b\xcf\x39\x9b\xcd\
\x8e\x6f\x93\x2b\x4b\x8b\xc9\x53\x97\x56\x8d\xb1\x52\x36\xc9\x34\
\xca\x3c\x6d\x1e\x69\x9c\x07\x1f\x33\x50\x5d\xde\x4e\x23\x9d\x32\
\x6d\x55\x75\x66\x3c\x92\x2b\x17\xaf\xff\xf3\xd5\xbf\x9b\x66\x5c\
\xfe\x59\xd5\x9f\x99\xa6\xdc\xfa\x7b\xaa\xe6\xdc\x6a\xd0\x55\x93\
\x2e\x7f\xa6\xea\x67\x4b\xb3\xae\x1a\xf6\xe2\xea\x67\xcf\xef\xf0\
\xcb\xa6\x5d\xfe\x6e\x55\xe3\x2e\x7f\xd7\xfc\xce\xf9\xdd\x73\x0c\
\x72\x2c\x72\x4c\xdc\x53\x07\x01\x00\x18\x53\x5d\x55\xb3\xcd\x59\
\xf3\x90\xae\xea\xbf\x73\x5c\x40\x00\x10\x00\x00\x40\x00\x10\x00\
\x00\x40\x00\x10\x00\x00\x40\x00\x10\x00\x00\x40\x00\x10\x00\x00\
\x40\x00\x10\x00\x00\x40\x00\x00\x00\x04\x00\x00\x40\x00\x00\x00\
\x04\x00\x00\x10\x00\x04\x00\x00\x10\x00\x04\x00\x00\x10\x00\x04\
\x00\x00\x10\x00\x04\x00\x00\x10\x00\x04\x00\x00\x10\x00\x04\x00\
\x00\x10\x00\x04\x00\x00\x10\x00\x04\x00\x00\x10\x00\x04\x00\x00\
\x10\x00\x04\x00\x00\x10\x00\x04\x00\x00\x10\x00\x04\x00\x00\x10\
\x00\x04\x00\x00\x10\x00\x00\x00\x01\x00\x00\x10\x00\x00\x00\x01\
\x00\x00\x04\x00\x01\x00\x00\x04\x00\x01\x00\x00\x04\x00\x01\x00\
\x00\x04\x00\x01\x00\x00\x04\x00\x01\x00\x00\x04\x00\x01\x00\x00\
\x04\x00\x01\x00\x00\x04\x00\x01\x00\x00\x04\x00\x01\x00\x00\x04\
\x00\x01\x00\x00\x04\x80\x61\x07\x80\x1f\x1a\x48\x00\x18\x91\x1f\
\xd6\x21\x00\xcc\x32\x90\x00\x30\x22\xb3\xea\x10\x00\xde\x69\x20\
\x01\x60\x44\xde\xd9\xf1\x01\xa0\x15\x02\x7e\x62\x30\x01\x60\x58\
\x7e\x32\x1e\xbd\x79\xbc\x02\xc0\x23\x06\x14\x00\x86\xe5\x91\x3a\
\x05\x80\x83\x0c\x28\x00\x0c\xcb\x41\xb5\x09\x00\xad\x10\xf0\x82\
\x41\x05\x80\x5d\x7a\x61\xbc\xfa\xf2\x78\x06\x80\xcd\x06\x16\x00\
\x76\x69\x73\x1d\x03\xc0\x07\x0c\x2c\x00\xec\xd2\x07\x6a\x17\x00\
\x5a\x21\xe0\x51\x83\x0b\x00\x3b\xf5\xe8\x78\xf6\xe4\xf1\x0e\x00\
\xef\x2d\xbd\x62\x90\x01\xe0\x57\xa4\x37\xbe\xb7\xb6\x01\xa0\x15\
\x02\x2e\x36\xd0\x00\xf0\x2b\x2e\x1e\xef\x7e\x3c\x11\x01\xe0\x2d\
\xa5\xe7\x0c\x36\x00\x54\xd2\x13\xdf\x52\xfb\x00\xd0\x0a\x01\x47\
\x19\x70\x00\xa8\x1c\x35\x11\xbd\x78\x42\x02\x40\x2b\x04\x3c\x6b\
\xd0\x01\x68\xb8\x67\x27\xaa\x0f\x4f\x64\x00\xc8\x6b\x81\xaf\x19\
\x7c\x00\x1a\x2a\x3d\xf0\x03\x8d\x0b\x00\xad\x10\x70\x8d\x09\x00\
\x40\x43\x5d\x33\x91\x3d\x78\x42\x03\x40\x2b\x04\x7c\xce\x24\x00\
\xa0\x61\x3e\x37\xd1\xfd\xb7\x1d\x02\x40\xde\x0a\xf8\x8e\xc9\x00\
\x40\x43\xa4\xe7\xbd\xa5\xf1\x01\xa0\x15\x02\xde\x55\xfa\x37\x93\
\x02\x80\x9a\x4b\xaf\x7b\x57\x3b\xf4\xde\xb6\x08\x00\xad\x10\xf0\
\x87\xa5\x17\x4d\x0e\x00\x6a\x2a\x3d\xee\x0f\xdb\xa5\xef\xb6\x4d\
\x00\x68\x85\x80\xbf\x2a\xbd\x6a\x92\x00\x50\x33\xe9\x6d\x7f\xd5\
\x4e\x3d\xb7\xad\x02\x40\x2b\x04\x74\x99\x28\x00\xd4\x4c\x57\xbb\
\xf5\xdb\xb6\x0b\x00\xad\x10\xb0\xd6\x64\x01\xa0\x26\xd6\xb6\x63\
\xaf\x6d\xcb\x00\xd0\x0a\x01\x03\x93\x6c\x14\x04\x40\xe7\x4a\x0f\
\x1b\x68\xd7\x3e\xdb\xb6\x01\xa0\x15\x02\x26\x97\x5e\x36\x89\x00\
\xe8\x30\xe9\x5d\x93\xdb\xb9\xc7\xb6\x75\x00\x68\x85\x80\x0f\x96\
\x9e\x37\x99\x00\xe8\x10\xe9\x59\x1f\x6c\xf7\xfe\xda\xf6\x01\xa0\
\x15\x02\xde\x5d\xfa\xae\x49\x05\x40\x9b\x4b\xaf\x7a\x77\x27\xf4\
\xd6\x8e\x08\x00\x3b\xec\x18\xf8\x19\x93\x0b\x80\x36\x95\x1e\x35\
\xe1\x3b\xfc\xd5\x2e\x00\xec\x10\x04\xae\x30\xc9\x00\x68\x33\x57\
\x74\x5a\x3f\xed\xb8\x00\xd0\x0a\x01\x7d\x93\xbc\x21\x00\xc0\xc4\
\x4b\x2f\xea\xeb\xc4\x5e\xda\x91\x01\xa0\x15\x02\xfe\xa2\xf4\xaf\
\x26\x1f\x00\x13\x24\x3d\xe8\x2f\x3a\xb5\x8f\x76\x6c\x00\xd8\x21\
\x08\x5c\xed\x6a\x00\x00\xe3\x7c\xd6\x7f\x75\xa7\xf7\xcf\x8e\x0f\
\x00\xad\x10\xf0\x21\x57\x03\x00\x18\xa7\xb3\xfe\x0f\xd5\xa1\x77\
\xd6\x22\x00\xec\x10\x04\xae\x71\x35\x00\x80\x31\x3a\xeb\xbf\xa6\
\x4e\x3d\xb3\x56\x01\x60\x87\xab\x01\x3f\x32\x59\x01\x18\x25\x3f\
\xaa\xcb\x59\x7f\xad\x03\x80\xab\x01\x00\x38\xeb\x6f\x70\x00\xd8\
\xe1\x6a\xc0\x0f\x4d\x62\x00\x46\xe8\x87\x75\x3c\xeb\x6f\x4c\x00\
\xd8\x21\x08\x2c\x29\xfd\xcc\x84\x06\x60\x37\xd2\x2b\x96\x34\xa1\
\x37\x36\x22\x00\xb4\x42\x40\xb6\x12\x3e\xaf\xf4\x92\x09\x0e\xc0\
\x1b\xbc\xd4\xea\x11\x1d\xb3\x95\xaf\x00\x30\xf2\x20\xf0\x8e\xd2\
\x4d\xa5\x57\x4d\x78\x80\xc6\x7b\xb5\xd5\x13\xde\xd1\xb4\x7e\xd8\
\xb8\x00\xb0\x43\x10\x78\x4f\x69\xfb\x24\x0f\x0a\x02\x34\xd1\x6b\
\xad\x1e\xf0\x9e\xa6\xf6\xc1\xc6\x06\x80\x1d\x82\xc0\xfb\x4b\x4f\
\x5a\x0c\x00\x8d\x91\x9a\xff\xfe\xa6\xf7\xbf\xc6\x07\x80\x1d\x82\
\xc0\x5f\x96\xbe\x65\x61\x00\xd4\x56\x6a\xfc\x5f\xea\x79\x02\xc0\
\x9b\x05\x81\xfd\x4a\x5f\xb5\x50\x00\x6a\x23\x35\x7d\x3f\x3d\x4e\
\x00\x18\xc9\xad\x81\xdc\x1f\xf2\xb0\x20\x40\xe7\x79\xb5\x55\xc3\
\x1b\x7f\xa9\x5f\x00\xd8\xf3\x20\xf0\xae\xd2\x55\xa5\x9f\x5b\x50\
\x00\x6d\xef\xe7\xad\x9a\xfd\x2e\x3d\x4c\x00\x18\xcd\x30\x90\x0d\
\x85\x7c\x75\x10\xa0\xfd\xa4\x36\x37\x62\x03\x1f\x01\x60\xe2\x9f\
\x13\xf8\x07\x0b\x0e\x60\xc2\xa5\x16\xbb\xbf\x2f\x00\x78\x4e\x00\
\xa0\x01\xdc\xdf\x17\x00\xda\x26\x08\xbc\xb3\xb4\xbe\xf4\x2f\x16\
\x26\xc0\x98\xf9\x97\x56\xad\x7d\xa7\xde\x23\x00\xb4\xeb\x55\x81\
\x5b\x26\xf9\xf8\x10\xc0\x68\x48\x2d\xbd\xcd\xd9\xbe\x00\xd0\x89\
\xcf\x0a\x3c\x56\x7a\xc5\x22\x06\x18\xb6\x57\x5a\xb5\xd3\xbd\x7d\
\x01\xa0\xe3\x83\xc0\x6f\x95\x16\x97\xbe\x69\x61\x03\xbc\xa9\x6f\
\xb6\x6a\xe5\x6f\xe9\x1d\x02\x40\x1d\xc3\xc0\x7b\x4b\x97\x96\x7e\
\x6c\xb1\x03\x54\xb5\x30\x35\xf1\xbd\x7a\x84\x00\xd0\xa4\x30\xf0\
\xa1\xd2\x3d\xa5\xe7\x15\x01\xa0\x41\x9e\x6f\xd5\xbe\x0f\xe9\x05\
\x02\x80\x30\xb0\xcf\xb1\x7f\x5e\xda\x50\xfa\xa1\xe2\x00\xd4\xd0\
\x0f\x5b\x35\xee\xcf\xd5\x7c\x01\x80\x37\x0f\x03\xef\x29\x9d\x5e\
\xfa\xc6\x24\x7b\x0c\x00\x9d\xe9\xd5\x56\x0d\x4b\x2d\x7b\x8f\xda\
\x2e\x00\x30\xf2\x30\xf0\x3b\xa5\x9e\xd2\xe7\x4b\x2f\x29\x2a\x40\
\x1b\x7b\xa9\x55\xab\x52\xb3\x7e\x47\x0d\x17\x00\x18\xdd\x40\xb0\
\x4f\xe9\xae\xd2\x73\x8a\x0d\xd0\x06\x9e\x6b\xd5\xa4\x7d\xd4\x68\
\x01\x80\xf1\x0b\x03\x1f\x98\x34\xf4\xd5\xab\x7f\x72\xab\x00\x18\
\xc7\x4b\xfb\xff\xd4\xaa\x3d\x1f\x50\x8b\x05\x00\xda\x23\x10\xec\
\x5b\xba\xb1\xf4\x5d\x81\x00\x18\xc5\x86\xff\xdd\x56\x6d\xd9\x57\
\xad\x15\x00\xe8\x8c\x40\x70\x40\xe9\x26\x81\x00\xd8\x83\x86\x9f\
\xda\x71\x80\x5a\x2a\x00\xd0\xf9\x61\xe0\x2d\xa5\xc9\x93\x86\xbe\
\x53\xf0\xcf\xa5\xd7\x14\x3a\xa0\x55\x0b\xfe\xb9\x55\x1b\x52\x23\
\xde\xa2\x66\x0a\x00\xd4\x3f\x10\x4c\x29\x6d\x2a\x7d\x5f\x20\x80\
\x46\x35\xfc\xef\xb7\xd6\xfe\x14\x0d\x5f\x00\x80\x84\x82\xbf\x2e\
\x9d\x37\x69\xe8\x35\x9e\x9f\x08\x05\x50\x8b\x66\xff\x93\xd6\x9a\
\xce\xda\xfe\x6b\xb5\x0e\x01\x80\xe1\x04\x82\x7c\xc4\x28\xcf\x11\
\x5c\x5e\xfa\xd2\x24\x5b\x16\x43\xbb\x7b\xbe\xb5\x56\x2f\x6f\xad\
\x5d\x1f\xd5\x41\x00\x60\xd4\x42\xc1\x3b\x4a\x47\x4e\x1a\xda\xd2\
\xf3\xd9\xd2\xcf\x15\x5d\x98\x10\x3f\x6f\xad\xc1\x0d\xad\x35\xf9\
\x0e\x35\x0a\x01\x80\xf1\x0e\x05\xef\x2e\xcd\x6e\xdd\x53\xfc\x96\
\x50\x00\x63\xd2\xec\xbf\xd5\x5a\x63\x59\x6b\xef\x56\x7b\x10\x00\
\x68\xd7\x50\xf0\xf6\x49\x43\xbb\x16\x66\x1f\xf0\x07\x4a\xff\x58\
\x7a\x41\x21\x87\x5d\x7a\xa1\xb5\x56\x1e\x68\xad\x9d\xac\xa1\xb7\
\xab\x29\x08\x00\xd4\x21\x18\xe4\xdb\x06\x1f\x29\xad\x2d\xdd\xdb\
\x3a\xab\x11\x0c\x68\x62\xa3\xff\x56\x6b\x0d\xac\x6d\xad\x09\x7b\
\xe7\x23\x00\xd0\xc8\x60\x90\x07\x0e\xff\xaa\xb4\xba\xb4\x6d\xd2\
\xd0\x57\xc4\x3c\x74\x48\x1d\x1e\xca\xfb\x46\x6b\x4e\xaf\x6e\xcd\
\x71\x0f\xe6\x21\x00\xc0\x30\xc3\xc1\x07\x4b\xd3\x4b\xe7\x4c\x1a\
\xfa\xe8\xc8\xd3\x93\x86\xbe\x2d\xfe\x0b\x0d\x86\x09\xf6\x8b\xd6\
\x5c\x7c\xba\x35\x37\xcf\x69\xcd\xd5\x0f\x5a\xbb\x08\x00\x30\xf6\
\x01\xe1\xfd\xa5\x69\xa5\xb3\x4a\x5b\x27\x0d\xbd\x06\xf5\x83\x56\
\x71\xb6\x97\x01\x7b\xea\xb5\xd6\x1c\xfa\x41\x6b\x4e\x6d\x6d\xcd\
\xb1\xcc\xb5\xf7\x5b\x7b\x08\x00\xd0\xfe\x01\xe1\x8f\x4a\x47\x95\
\xd6\x97\xee\x28\x3d\x39\x69\xe8\x6b\x66\x3f\x6e\x15\x78\xdf\x49\
\x68\x9e\x57\x5b\x63\xff\xe3\xd6\x5c\x78\xb2\x35\x37\xd6\xb7\xe6\
\xca\x1f\x59\x3b\x08\x00\xd0\x8c\x90\x90\x87\x13\xff\x6c\xd2\xd0\
\xd6\xa8\x8b\x4b\x17\x95\x6e\x2f\x3d\x56\xfa\x5a\xeb\x2c\x30\xf7\
\x73\x5f\xd6\x3c\xdb\xd6\xcb\xad\x31\xca\x58\x3d\xdb\x1a\xbb\xdb\
\x5b\x63\xb9\xb8\x35\xb6\x7f\xe6\x61\x3b\x10\x00\x60\x6f\x02\xc3\
\xef\x4f\x1a\xda\x3a\x39\xef\x64\x9f\x5a\xba\xae\x75\x0f\xf8\x33\
\xad\xb3\xc9\xaf\x4f\x1a\xfa\xc0\xca\x8f\x4a\x3f\x6d\x9d\x6d\xbe\
\xe2\x96\xc4\x6e\x2f\xb9\xbf\xd2\x3a\x56\x3f\x6d\x1d\xbb\x7f\x6e\
\x1d\xcb\x27\x5b\xc7\xf6\xae\xd6\xb1\x3e\xb5\x75\xec\x33\x06\xbf\
\x6f\x4e\x82\x00\x00\x9d\x12\x20\x7e\xaf\xf5\x70\x63\x5e\xff\xca\
\x2e\x6e\x7d\xa5\x93\x4a\x17\x4c\x1a\xda\xd9\x2d\xf7\x9b\x1f\x2e\
\x3d\x51\x7a\xa6\x75\x15\xe2\x9b\xad\xcb\xd5\xf9\x54\xeb\xbf\xb4\
\xce\x74\x7f\xd4\xba\x8c\xfd\x93\x56\xd3\x7c\xbe\xf5\x8a\x59\x9a\
\xe8\x8b\xa5\x97\x5a\x4d\xf5\xd5\x96\xd7\x76\xd3\x80\x5f\xff\xe7\
\x5e\x69\xfd\xbb\x2f\xb6\xfe\xac\x17\x5a\x7f\xf6\x4f\x5b\x7f\xd7\
\x8f\x5b\x7f\xf7\x0f\x5a\x3f\xcb\x77\x5b\x3f\xdb\x37\x5b\x3f\xeb\
\x33\xad\x9f\xfd\xe1\xd6\xef\xb2\xa1\xf5\xbb\x9d\xd4\xfa\x5d\x8f\
\x6c\xfd\xee\x39\x06\xbf\x67\x4e\xc0\xf8\xfb\xff\x03\xb7\x49\xc1\
\x7d\xa4\x4b\xe0\x00\x00\x00\x00\x49\x45\x4e\x44\xae\x42\x60\x82\
\
\x00\x00\x2d\x77\
\x89\
\x50\x4e\x47\x0d\x0a\x1a\x0a\x00\x00\x00\x0d\x49\x48\x44\x52\x00\
\x00\x02\x00\x00\x00\x02\x00\x08\x03\x00\x00\x00\xc3\xa6\x24\xc8\
\x00\x00\x00\x04\x67\x41\x4d\x41\x00\x00\xb1\x8f\x0b\xfc\x61\x05\
\x00\x00\x00\x20\x63\x48\x52\x4d\x00\x00\x7a\x26\x00\x00\x80\x84\
\x00\x00\xfa\x00\x00\x00\x80\xe8\x00\x00\x75\x30\x00\x00\xea\x60\
\x00\x00\x3a\x98\x00\x00\x17\x70\x9c\xba\x51\x3c\x00\x00\x02\xf4\
\x50\x4c\x54\x45\x00\x00\x00\xff\x00\x00\xff\x00\x00\xff\x00\x00\
\xff\x00\x00\xff\x00\x00\xff\x00\x00\xff\x00\x00\xff\x00\x00\xff\
\x00\x00\xff\x00\x00\xff\x00\x00\xff\x00\x00\xff\x00\x00\xff\x00\
\x00\xff\x00\x00\xff\x00\x00\xff\x00\x00\xff\x00\x00\xff\x00\x00\
\xff\x00\x00\xff\x00\x00\xff\x00\x00\xff\x00\x00\xff\x00\x00\xff\
\x00\x00\xff\x00\x00\xff\x00\x00\xff\x00\x00\xff\x00\x00\xff\x00\
\x00\xff\x00\x00\xff\x00\x00\xff\x00\x00\xff\x00\x00\xff\x00\x00\
\xff\x00\x00\xff\x00\x00\xff\x00\x00\xff\x00\x00\xff\x00\x00\xff\
\x00\x00\xff\x00\x00\xff\x00\x00\xff\x00\x00\xff\x00\x00\xff\x00\
\x00\xff\x00\x00\xff\x00\x00\xff\x00\x00\xff\x00\x00\xff\x00\x00\
\xff\x00\x00\xff\x00\x00\xff\x00\x00\xff\x00\x00\xff\x00\x00\xff\
\x00\x00\xff\x00\x00\xff\x00\x00\xff\x00\x00\xff\x00\x00\xff\x00\
\x00\xff\x00\x00\xff\x00\x00\xff\x00\x00\xff\x00\x00\xff\x00\x00\
\xff\x00\x00\xff\x00\x00\xff\x00\x00\xff\x00\x00\xff\x00\x00\xff\
\x00\x00\xff\x00\x00\xff\x00\x00\xff\x00\x00\xff\x00\x00\xff\x00\
\x00\xff\x00\x00\xff\x00\x00\xff\x00\x00\xff\x00\x00\xff\x00\x00\
\xff\x00\x00\xff\x00\x00\xff\x00\x00\xff\x00\x00\xff\x00\x00\xff\
\x00\x00\xff\x00\x00\xff\x00\x00\xff\x00\x00\xff\x00\x00\xff\x00\
\x00\xff\x00\x00\xff\x00\x00\xff\x00\x00\xff\x00\x00\xff\x00\x00\
\xff\x00\x00\xff\x00\x00\xff\x00\x00\xff\x00\x00\xff\x00\x00\xff\
\x00\x00\xff\x00\x00\xff\x00\x00\xff\x00\x00\xff\x00\x00\xff\x00\
\x00\xff\x00\x00\xff\x00\x00\xff\x00\x00\xff\x00\x00\xff\x00\x00\
\xff\x00\x00\xff\x00\x00\xff\x00\x00\xff\x00\x00\xff\x00\x00\xff\
\x00\x00\xff\x00\x00\xff\x00\x00\xff\x00\x00\xff\x00\x00\xff\x00\
\x00\xff\x00\x00\xff\x00\x00\xff\x00\x00\xff\x00\x00\xff\x00\x00\
\xff\x00\x00\xff\x00\x00\xff\x00\x00\xff\x00\x00\xff\x00\x00\xff\
\x00\x00\xff\x00\x00\xff\x00\x00\xff\x00\x00\xff\x00\x00\xff\x00\
\x00\xff\x00\x00\xff\x00\x00\xff\x00\x00\xff\x00\x00\xff\x00\x00\
\xff\x00\x00\xff\x00\x00\xff\x00\x00\xff\x00\x00\xff\x00\x00\xff\
\x00\x00\xff\x00\x00\xff\x00\x00\xff\x00\x00\xff\x00\x00\xff\x00\
\x00\xff\x00\x00\xff\x00\x00\xff\x00\x00\xff\x00\x00\xff\x00\x00\
\xff\x00\x00\xff\x00\x00\xff\x00\x00\xff\x00\x00\xff\x00\x00\xff\
\x00\x00\xff\x00\x00\xff\x00\x00\xff\x00\x00\xff\x00\x00\xff\x00\
\x00\xff\x00\x00\xff\x00\x00\xff\x00\x00\xff\x00\x00\xff\x00\x00\
\xff\x00\x00\xff\x00\x00\xff\x00\x00\xff\x00\x00\xff\x00\x00\xff\
\x00\x00\xff\x00\x00\xff\x00\x00\xff\x00\x00\xff\x00\x00\xff\x00\
\x00\xff\x00\x00\xff\x00\x00\xff\x00\x00\xff\x00\x00\xff\x00\x00\
\xff\x00\x00\xff\x00\x00\xff\x00\x00\xff\x00\x00\xff\x00\x00\xff\
\x00\x00\xff\x00\x00\xff\x00\x00\xff\x00\x00\xff\x00\x00\xff\x00\
\x00\xff\x00\x00\xff\x00\x00\xff\x00\x00\xff\x00\x00\xff\x00\x00\
\xff\x00\x00\xff\x00\x00\xff\x00\x00\xff\x00\x00\xff\x00\x00\xff\
\x00\x00\xff\x00\x00\xff\x00\x00\xff\x00\x00\xff\x00\x00\xff\x00\
\x00\xff\x00\x00\xff\x00\x00\xff\x00\x00\xff\x00\x00\xff\x00\x00\
\xff\x00\x00\xff\x00\x00\xff\x00\x00\xff\x00\x00\xff\x00\x00\xff\
\x00\x00\xff\x00\x00\xff\x00\x00\xff\x00\x00\xff\x00\x00\xff\x00\
\x00\xff\x00\x00\xff\x00\x00\xff\x00\x00\xff\x00\x00\xff\x00\x00\
\xff\x00\x00\xff\x00\x00\xff\x00\x00\xff\x00\x00\xff\x00\x00\xff\
\x00\x00\xff\x00\x00\x00\x00\x00\x84\xa8\xbc\x51\x00\x00\x00\xfa\
\x74\x52\x4e\x53\x00\x04\x17\x2a\x3e\x52\x65\x79\x8d\xa1\xac\xb3\
\xb9\xc0\xc7\xcd\xd4\xdb\xe1\xe8\xef\xf5\xfc\x01\x19\x3a\x5a\x7b\
\x9b\xb4\xc8\xfe\x16\x36\x57\x77\x98\xb8\xd9\xf8\x0b\x37\x92\xed\
\x02\x24\x80\xae\x8e\x29\xa0\x07\x3b\xb2\xec\x2b\x74\xbc\x0e\x9a\
\xe2\x2f\x78\xfb\x4f\x9e\xe6\x05\x4b\xa2\xf1\x47\x9d\xee\x03\x43\
\x99\x95\xe9\x10\x6c\xd1\x3d\xf6\xb5\xab\xa4\x97\x90\x8a\x83\x7d\
\x76\x70\x69\x63\x14\x72\xd7\xdd\xbd\x87\x60\x4d\x27\xa8\xf9\xe5\
\xc4\xa3\x82\x61\x40\x1f\x0a\x6b\xe0\x85\x84\x96\x9c\xcb\x8f\x53\
\x41\xf2\x7e\x42\xce\x31\x75\x2c\xdf\x0c\x59\xbb\x73\x51\xd3\x56\
\x49\xcc\xb0\xc5\x5d\xb7\xfa\xde\x7a\xeb\xa9\x44\xd2\xd8\x15\x23\
\xf7\x11\x55\xe7\x5f\x06\x1b\xb1\x68\xc2\xf0\x1c\xf3\xfd\x91\x18\
\x9f\x21\x1a\xd6\x6d\x33\x94\x12\xba\xb6\xda\x30\x5e\xf4\x6f\xc6\
\x3f\x5c\xa5\x09\xea\x26\x2d\x58\x08\x0d\xd0\x20\xdc\x25\xe4\x38\
\x35\xbf\x4c\x45\x13\x64\xc3\x89\xcf\x48\xd5\x50\xaa\x86\xad\x22\
\x1d\xca\x93\x1e\x67\xa6\x32\xbe\x4a\x39\x62\x0f\x54\x4e\x2e\x66\
\xc9\x8c\x6e\x8b\x81\x6a\x7c\x5b\x28\x46\x88\xc1\x3c\xaf\x41\xad\
\xfc\xa1\x00\x00\x00\x01\x62\x4b\x47\x44\x00\x88\x05\x1d\x48\x00\
\x00\x00\x09\x70\x48\x59\x73\x00\x00\x0d\xd7\x00\x00\x0d\xd7\x01\
\x42\x28\x9b\x78\x00\x00\x00\x07\x74\x49\x4d\x45\x07\xe2\x07\x1b\
\x0a\x24\x1a\xa3\x7d\x81\xad\x00\x00\x28\x40\x49\x44\x41\x54\x78\
\xda\xed\x9d\x77\x60\x15\x55\xbe\xc7\x27\x40\x82\x04\x12\x08\x21\
\xb9\x81\x00\x09\x25\x04\x48\x68\x86\x1e\x20\xf4\x12\x3a\x89\x08\
\x82\x94\xa0\x94\x4b\x0f\xae\x20\x45\xe9\x55\x59\x4d\x00\xe9\x1d\
\x04\x05\xa5\x88\x05\x51\x44\x40\x59\xcb\x13\x5d\x17\x9f\xb0\xc5\
\xd5\xdd\xd5\x55\xb7\xbd\x5d\x77\xdf\x9b\xbf\x1e\x55\x6e\xe6\xf7\
\x3b\xd3\x67\x7e\x67\x66\xce\xe7\xcf\xa9\xdf\x5f\xb9\x73\x67\x4e\
\xf9\x1d\x49\x0a\x0c\x51\xe5\xca\x57\x88\x8e\xa9\x78\x4f\xa5\xd8\
\xca\x55\xe2\xe2\xab\x56\x4b\xa8\x9e\x58\x23\x29\x39\x39\xa9\x46\
\x62\xf5\x84\x6a\x55\xe3\xe3\xaa\x54\x8e\xad\x74\x4f\xc5\x98\xe8\
\x0a\xe5\xcb\x45\x51\x6b\x15\xd8\x46\x28\xa5\x66\xad\xd4\xda\x75\
\xea\x26\xd4\x48\x93\x75\x93\x56\x23\xa1\x6e\x9d\xda\xa9\xb5\x6a\
\xa6\x84\xa8\xf5\x0b\xcc\x92\x5e\xaf\x7e\x83\x86\x19\x8d\x32\xf5\
\x87\x1d\x23\xb3\x51\x46\xc3\x06\xf5\xeb\xa5\x53\x5b\x23\x30\x40\
\xe3\x26\x31\x4d\xe3\xb2\xac\x05\x5e\x49\x56\x5c\xd3\x98\x26\x8d\
\xa9\x2d\x13\x68\x90\xdd\x2c\xba\x79\x8b\x04\x03\xcf\x7a\x63\xa4\
\x25\xb4\x68\x1e\xdd\x2c\x9b\xda\x4a\x01\x4a\xb9\xe8\x96\xf1\x49\
\x4e\x85\x3e\x92\xa4\xf8\x96\xd1\xe5\xa8\xad\x15\x44\x12\x6a\x15\
\x73\x6f\x82\x1b\xb1\xbf\x4b\xc2\xbd\x31\xad\xc4\x0b\x22\x0f\xe4\
\xb4\x6e\xd0\xa6\xad\xbb\xc1\xbf\x43\xdb\x36\x0d\x5a\xe7\x50\xdb\
\x1f\x6c\xda\xb5\xef\x60\xf1\x2d\xdf\x2a\x99\x1d\xda\xb7\xa3\xf6\
\x42\x40\xe9\x18\x9d\xdb\x89\x36\xf8\x77\xe8\x94\x1b\xdd\x91\xda\
\x1b\x41\xa3\x73\x97\xb8\x3c\xea\xb8\x47\x92\x17\xd7\xa5\x33\xb5\
\x4f\x02\x43\x4e\xd7\x6e\xdd\xa9\x03\x8e\xd1\xbd\x5b\x57\xf1\x46\
\xe0\x38\x3d\x7a\xf6\xea\x4d\x1d\x69\x36\xbd\x7b\xf5\xec\x41\xed\
\x21\x3f\x13\xd5\xa7\x6f\x3f\xea\x18\x6b\xd1\xaf\x6f\x1f\xd1\x95\
\xe4\x08\xf9\xfd\x07\x10\x7d\xee\x19\xa5\xed\x80\xfe\xf9\xd4\xde\
\xf2\x1d\x4d\x06\x0e\xa2\x8e\xab\x11\x06\x0d\x6c\x42\xed\x31\x3f\
\x31\x78\xc8\x50\xea\x88\x1a\x67\xe8\x90\xc1\xd4\x7e\xf3\x09\xc3\
\x7a\x15\xd8\x17\x96\xb4\x7e\x09\xf1\x85\xf7\x0d\xef\x76\xff\x88\
\x91\x0f\x8c\x1a\xfd\xe0\x98\xb1\x63\xc7\x3c\x38\x7a\xd4\x03\x23\
\x47\xdc\xdf\x6d\xf8\x7d\x85\xf1\x09\xfd\x6c\xec\x49\x2a\xe8\x35\
\x8c\xda\x77\xde\x67\xdc\xf8\x22\xeb\x91\xc8\x9b\xf0\x50\xdf\x87\
\xdb\x4f\x9c\x54\x73\xf2\x38\xcd\x3f\xe7\xfc\x71\x93\x6b\x4e\x9a\
\xd8\xfe\xe1\xbe\x0f\x4d\xb0\xa1\xa5\xa1\x68\xfc\x38\x6a\x0f\x7a\
\x99\x50\xff\x29\x61\x2b\xee\x4f\x9b\x3a\x6d\xfa\x8c\x99\xb3\x66\
\x9b\x7c\x25\xcb\x9f\x3d\x6b\xe6\x8c\xe9\xd3\xa6\x5a\x7a\x28\x84\
\xa7\xf4\x17\x9d\x46\xe6\x28\x9e\x63\xa1\x87\xef\x91\x36\x3f\xab\
\x5f\xde\xa6\x76\x99\x9c\xf2\xf5\x7f\xd6\xe6\x11\xf3\x5a\x12\xe6\
\x14\x53\xfb\xd2\x83\x94\x7b\xd4\xe4\x98\x9e\xde\xd3\xe6\x8e\x69\
\xed\x40\xdb\x7c\xc7\xd6\x63\xe6\x4e\x33\xd9\x08\x95\xf5\xa8\x18\
\x40\x60\x8c\xf2\xf3\xcc\xf4\xf2\xe5\x3d\x36\x7f\xc1\x6c\x67\x85\
\xcd\x5e\x30\xff\x31\x33\xef\x06\x99\xf3\xca\x53\xfb\xd4\x43\x2c\
\x2c\x34\xfe\xb7\xbb\xa8\xca\xe3\x4f\xb8\x34\x66\xaf\xf1\x13\x8f\
\x57\x59\x64\x58\x60\x5a\xe1\x42\x6a\xbf\x7a\x83\xa8\x5a\x8b\x8d\
\xfa\x76\xea\x94\x21\x4b\x5c\x6e\x7b\xcb\x5f\x32\x64\xca\x54\xa3\
\x3a\x17\xd7\x12\xad\xc4\x5a\xf4\x18\x63\xb0\x93\x3f\xfc\xd0\xd2\
\x65\x54\x62\x97\x2d\x7d\x28\x6c\x4c\x6d\xa7\x31\xa2\xb3\x48\x8d\
\xfc\x99\xcb\x0d\xf9\xb3\x7a\xc3\xae\x2b\x68\x15\xaf\xe8\xda\xb0\
\xba\x21\xc9\xcb\x67\x8a\x7e\x02\x16\xd9\x2b\x1b\x19\xf9\xe9\xaf\
\x5a\xcd\xc9\x7b\x55\xf9\xd5\xab\x8c\x3c\x08\x1a\xad\x14\x03\xcb\
\x51\xd6\xac\xd5\xef\xc4\x82\xd8\x75\x5c\xcd\xd2\x68\xbc\x2e\xd6\
\x40\x7b\xf5\xda\x35\xd4\x7a\x39\xe4\xc9\xa7\x74\xfb\x2f\x73\xfd\
\x4a\xe2\x07\x3f\xc6\x8a\x95\xeb\xf5\x7f\xba\x3e\xf5\x24\xb5\x5c\
\xce\x58\xf8\x73\xdd\x4f\xfe\xca\x4f\x73\x3b\x02\xb3\xe3\xd3\x95\
\x75\xff\x17\xfc\x5c\x7c\x14\xde\x65\x72\xa1\x4e\xaf\xe5\x3d\x33\
\x91\xf3\x3e\xd6\xc1\x13\x9f\xd1\xdb\x4e\x54\x38\x99\x5a\x2c\x27\
\x0c\x9e\x5f\xa2\xcf\x63\xa5\x1b\x52\xa8\xb5\xea\x21\x65\x43\xa9\
\x3e\x7b\x4a\xe6\x73\x9e\xcd\xae\x90\x3f\x66\xa3\xbe\x47\xff\xa6\
\x67\x3d\xd3\xab\x16\x7a\x76\x93\xbe\xbf\x82\x8d\x63\x02\xff\x4d\
\xd8\x7f\xb3\x2e\x4f\x6d\x69\xbf\x95\x5a\xa9\x31\xb6\xb6\xdf\xa2\
\xcb\xb0\xcd\xfd\xa9\x95\x92\xb2\x6d\xbd\x1e\x27\x6d\x9f\x5e\x81\
\x5a\xa8\x19\x2a\x4c\xdf\xae\xc7\xba\xf5\xdb\xa8\x85\x92\xd1\x71\
\xa4\x9e\x07\xe5\xd4\x06\x3b\xa8\x85\x9a\x65\x47\x03\x3d\xdd\x05\
\xe1\x91\xdc\x7e\xd6\x38\xcb\xce\x5d\x7a\x1e\x91\xbb\xf7\x50\xeb\
\xb4\xc2\x9e\xdd\x7a\xfe\xe2\x76\xed\xa4\xd6\x49\xc0\xde\x7d\x3a\
\x3c\xb3\xaa\x0f\xb5\x4c\xeb\xf4\x59\xa5\xc3\xd0\x7d\x7b\xa9\x65\
\xba\x4c\x68\xbf\xf6\xd8\x9a\x92\x5e\x3e\x99\x6f\xd9\xb9\x97\xf6\
\x77\x6e\xef\xfd\x9e\xf9\xc6\xb1\x83\xc9\x07\x34\x3d\x72\x70\xe4\
\x73\xd4\x2a\xed\xe3\xb9\x91\x07\x35\x0d\x3e\x10\x9c\x76\xa1\x1e\
\xa9\x9a\x8d\xe6\x87\x1e\xf0\x59\x1b\xc9\xe0\x07\x0e\x69\xd9\x9c\
\x99\x1a\x90\xb1\x02\xf5\x34\xdf\x8b\x92\x46\x8e\xa3\x16\x69\x3f\
\xe3\x46\x6a\x96\xb0\xda\x5c\x8f\x5a\xa4\x0b\x14\xcf\x3f\xac\xf5\
\x4b\x78\xfe\x05\x6a\x91\xce\xf0\xc2\xf3\x5a\x4f\xbe\xc3\xf3\x7d\
\x3f\x80\x7c\x89\xd6\x44\x9f\x92\x86\x3e\xfa\xef\x57\xf2\x5c\x43\
\xad\xd7\xc1\xa2\x25\xd4\x1a\x1d\x25\xb4\x34\xac\x6e\x7f\xf2\x91\
\xa3\xd4\x1a\x9d\xe5\xe8\x91\x64\x75\x0f\x84\x97\xfa\xf8\x73\xe0\
\xc5\x0e\x1a\xf9\x5f\x27\x00\x6f\xc2\x93\xeb\x68\x38\xa1\xc3\x8b\
\xd4\x12\x9d\x62\x8d\x46\x81\x87\x97\x7c\xd0\xec\xa3\x87\x3e\x2f\
\xa9\xfb\xa1\xad\x3f\x47\x8c\x15\xe7\xaa\x9b\xdd\xef\x58\x60\x06\
\xcd\x47\x1d\xd3\xa8\x74\x93\xeb\xc3\x77\xc1\xe3\xea\x23\x7e\x93\
\x4f\x9c\xa4\x56\xe8\x26\x27\x4f\xa8\xbf\x0a\x34\x3a\x4e\xad\xd0\
\x66\x42\xa3\xd5\x5f\x7f\x5f\x0e\x5c\xb9\xcd\x76\x2f\xab\x3a\xa4\
\x64\xb4\xaf\xde\x05\x77\x9c\x52\xb5\xf6\x95\x49\xd4\x02\x29\x98\
\xf4\x8a\xaa\x53\x4e\x79\xb6\x17\x1c\xf2\xaa\xea\x20\xb9\x92\x19\
\x01\xad\xaf\x98\x33\x43\xf5\xb1\x58\xfa\x2a\xb5\x40\xbb\x78\x4d\
\x75\xce\x44\x5d\xb2\xa9\x7d\xf4\x2c\xab\xab\xe6\x99\x82\xd7\xa8\
\xf5\xd9\xc2\x9e\x81\x6a\x46\xbe\x7e\x3a\xd0\xf3\xa4\xb2\x4f\xbf\
\xae\xe6\x9d\x81\x9e\x1e\x0d\x73\x8b\xbd\x6f\xa8\x59\xf8\x8c\xc3\
\xf5\x1c\xf8\x67\x76\x86\x9a\x7f\xde\xf0\xfc\x40\x91\x33\x89\x2a\
\xe6\x6d\x7c\x93\x5a\x1e\x0f\xbc\xa9\x36\x2e\x3e\xf1\x0c\xb5\x3c\
\x6b\x8c\x57\x9b\x26\xf3\x96\xc7\x86\x7a\x3b\xc5\xd6\xb7\x54\x9c\
\x94\x37\x9e\x5a\x9e\x05\xce\x4e\x51\xb1\xec\xed\x40\x7e\xfb\xe1\
\x4c\x7a\x5b\xc5\x51\x53\xce\x52\xcb\x33\xcb\xd6\x78\x15\xb3\x32\
\x7c\xda\xe9\x6f\x8e\x17\xd4\xde\x04\xe2\x3d\xfa\xa4\x3c\x37\x81\
\x6d\x53\xe6\x69\x5f\x35\x74\x59\x27\x74\x5a\x65\xb0\xc8\x84\x73\
\xd4\xf2\xcc\x30\x4c\xa5\xce\xdf\xda\x77\xa8\xd5\xf1\xc7\x3b\x6b\
\xd9\xfe\xca\xf2\x60\xd1\xe1\xf3\x2a\x19\xdd\xf4\x02\xb5\x3a\x1e\
\xb9\xd0\x54\xe5\x89\x79\x9e\x5a\x9d\x51\x2a\xb2\x2b\xfd\x25\x8a\
\xea\x18\x0c\x9e\x64\x7f\x33\xa7\x55\xa4\x16\x67\x88\x28\x95\xbe\
\xff\xc2\x74\x6a\x75\xfc\x92\xae\x52\x29\x23\xd7\x43\xc3\x25\x2e\
\xb2\xdf\x69\x0f\xa7\x8a\xb7\x3f\x15\x42\xa9\xec\x31\xd3\x19\x17\
\xa9\xd5\xe9\x25\xe5\x5d\xf6\xdb\x4c\x40\x46\x7d\x99\xa7\x0f\xfb\
\xdd\xf9\x5d\x4f\x14\x48\x91\xa4\xd9\xec\x2a\xef\x55\xdf\xa3\x16\
\xc7\x3f\xef\x55\x65\xba\xef\x92\x27\x7a\x4e\x7e\xc1\xae\xf5\x7a\
\x44\xbc\xfd\xeb\xe0\xc2\x11\xa6\x03\x3b\x79\xa0\x41\x60\x19\x73\
\xd6\x7f\x78\x3f\xb5\x36\xaf\xb0\x3f\xcc\xf2\x61\x22\xf7\x0d\x28\
\xc7\x99\x43\xbf\xdf\xff\x80\x5a\x9b\x77\xf8\xe0\x7d\xe6\x4b\xd4\
\x87\xd4\xda\xd4\x69\xcd\x9c\x06\xfd\x51\x3a\xb5\x36\x2f\x91\xfe\
\x11\xcb\x8f\x8b\xb8\xae\x97\xd4\x9f\x39\xbe\x65\x9e\x87\xbe\x62\
\x79\x20\x6a\x1e\xcb\x93\x05\x1c\x7f\x48\xfd\x17\xab\x2c\x56\x5a\
\x2a\xb5\x34\xef\x91\xca\x6a\x4b\x0d\x73\x3b\x71\x68\x1d\x6b\x90\
\x6b\xe6\x4a\x6a\x69\x5e\x64\x25\xab\x37\x25\x99\xd3\x81\x54\xeb\
\x58\x93\x5d\xbc\xd8\x97\xc5\x03\xcc\xfe\xd4\xc3\x5c\x66\xc0\x7f\
\xb1\x7e\xff\xde\xec\xcd\xe6\x01\xe6\x88\x8a\x64\x0e\xff\x05\xfa\
\xb3\x1e\x58\x5e\x1d\xcf\xc2\x03\xcc\x31\x55\x61\xee\xde\x04\x5b\
\xb3\xde\xff\x63\x45\xeb\x9f\x05\x2e\xc4\xb2\xbe\x05\x38\xfb\x1a\
\x3c\xce\xfa\xfe\x9f\x2f\x3a\xff\x2c\x11\x9a\xcf\x70\xec\x22\xae\
\x5a\x84\x96\xb1\xda\xff\x66\x50\x2b\xf3\x3e\x33\x58\xaf\xd6\x1c\
\xb5\x0a\xff\x82\xd5\xfe\xdf\x80\x5a\x99\x1f\x68\xc0\x70\x6e\x22\
\x37\x2f\xd7\xb3\x19\xfd\x7f\x69\x43\xa8\x95\xf9\x83\x21\x8c\x26\
\xa1\x4e\x9c\xf4\x0e\xa7\x30\xfa\xff\x0f\xcf\xa4\x56\xe6\x17\x66\
\x32\x86\x09\x5d\xe2\x62\x84\xc8\x45\xc6\xf8\x9f\xbc\xfa\xd4\xca\
\xfc\x43\x7d\xc6\x0c\xbb\x77\x39\x18\x25\x16\xf5\x0c\xae\x2d\x53\
\xcc\xfc\xb2\x91\x49\x8c\x56\x96\x0c\xfa\x3e\xb6\x86\xb8\xb2\xa4\
\x67\xa9\x85\xf9\x8b\x67\x19\x85\x86\x73\xa9\x85\x8d\x66\xc4\x5f\
\x34\xff\xdb\xcc\x30\x46\x06\x10\xcf\x17\xd8\x89\xbf\xa0\x66\x7e\
\x4c\xed\x2f\xff\xf1\x31\xfe\x2f\x90\x46\x3a\x67\xa8\x26\x3e\x00\
\x20\xaf\x2b\xb5\xb7\xfc\x48\x57\xfc\x4d\x30\x93\xf0\x61\xdb\x0c\
\xaf\x6d\x71\x58\x74\xff\x3b\xc2\x4a\xfc\x6b\x30\x8b\xac\x41\xe8\
\x32\xa3\xd0\xdd\x27\xd4\x9e\xf2\x2b\x9f\xe0\xfe\x9e\x40\xd4\xdf\
\x9a\xf3\x29\xae\xe7\x41\x6a\x3f\xf9\x97\x07\x71\x8f\xc7\xd3\xd4\
\x10\x99\x8e\xab\x19\x45\xed\x25\x3f\x33\x0a\xf7\xf9\x14\x0a\x2d\
\xc7\x70\x2d\xbf\xa4\xf6\x91\xbf\xf9\x25\xee\x75\x82\x4a\x52\xad\
\xf1\x11\x60\x73\xa9\x3d\xe4\x77\xe6\xe2\xdf\x5d\xae\x57\x93\x4b\
\xe9\x8e\x0a\xd9\x17\xe8\xba\x9f\x6e\x90\x8d\xaf\xb8\x9a\xe8\x72\
\x45\xc9\x1e\xd3\x50\x19\x4f\x35\xa6\xf6\x8f\xff\x69\xfc\x14\xea\
\xfa\x37\xdc\xad\x2a\xdb\x14\x15\xf1\x88\x28\xfd\xe6\x02\x2f\x3c\
\x82\x3a\x7f\xa0\x9b\x1a\xde\x44\x25\x1c\x0c\xdc\xaa\x0f\x34\xb4\
\xc3\x07\x60\xba\x58\x5b\xbc\x33\x5a\xff\xbd\xa4\x3f\xb5\x67\x82\
\x42\x7f\xf4\x05\xbc\xc0\xb5\xf5\x05\x76\xe0\xf3\x15\x26\x52\xfb\
\x25\x38\x4c\x44\x03\x50\xea\xd2\x1a\x23\x21\xbc\x94\x95\x18\x00\
\xec\x22\xf8\x50\xe1\x53\xee\x8c\xc1\xc7\x87\x00\x4c\xa7\xf6\x49\
\xb0\xc0\x9b\x61\x47\xbb\x71\xeb\xe3\xe8\x1f\xd0\x34\x1f\xac\x6d\
\xe1\x25\xf6\xa0\xdf\xe1\x25\x2e\xac\x36\x57\x8c\xae\xff\xd7\x9d\
\x8b\xf1\xa9\x41\x02\x6f\x89\x6b\xe4\xfc\x8a\x93\x68\x0d\xd0\x92\
\xd6\xd4\xfe\x08\x1e\x78\x5b\xbc\xe3\x63\x04\xd7\xa0\xff\x3d\x43\
\xa8\xbd\x11\x44\x86\xa0\xa1\x70\x78\xe2\xf8\x8b\xe8\x24\xc0\x5e\
\xd4\xbe\x08\x26\xbd\xb0\x58\xb4\x75\x74\xed\xf1\x10\xba\xfe\xfb\
\x67\x9e\x5d\xd3\xc4\xdb\x9c\xfd\x0c\x8b\x46\x07\x27\xbf\x05\x97\
\x62\x77\xcc\x3a\x4a\xed\x89\xa0\x72\x14\xad\x21\xb3\xd4\xb9\x1b\
\x2e\x09\x23\xf7\x3b\xfc\x2b\x6a\x3f\x04\x97\x5f\x61\xc3\x44\xc3\
\x4b\x9c\xba\x5d\x71\x11\x96\x70\xa2\x02\x1c\x21\xa9\x58\x44\x8a\
\x9c\xfa\x16\x6c\x89\xdd\xad\x50\x94\x00\x21\x04\x6f\x96\x6f\xe9\
\xcc\xcd\x3e\xc4\x9e\x37\x83\xd2\xa9\x7d\x10\x6c\xd2\x07\x61\xff\
\xca\x8e\x94\x8f\x89\x1a\x8a\x25\x5b\x4f\x6a\x0f\x04\x9d\x9e\x58\
\x54\x86\x3a\x31\x69\x78\x03\x76\xa7\x13\xd4\xf6\x0b\x4e\x60\x71\
\xd9\x60\xff\x7d\xce\x61\xd3\x00\xaf\x88\x16\x00\x72\xce\x5e\x41\
\x02\xb3\xdd\xf6\xe9\x62\xa1\x38\xec\x83\xa3\x33\xb5\xf5\x02\x49\
\xea\x1c\x46\x42\x13\x67\xf7\xbb\x79\x0c\xf6\xa0\x59\x4d\x6d\xbb\
\xe0\x06\xab\xb1\xd8\xc4\xd8\x7b\x8f\x94\x1a\xc8\x3d\x56\x89\x2f\
\x40\x2e\x08\xad\x42\x82\x53\xc3\xde\x0e\xfa\x58\xe4\x16\x59\x8e\
\x76\x3b\x08\xf4\xf3\x22\xd6\x24\x1c\x6b\xe7\x1d\x3e\xc7\x1e\x32\
\xd1\xd4\x76\x0b\xee\x10\x8d\xc5\xe7\x73\xfb\xae\xbf\x62\x2a\x72\
\xfd\xff\xa6\xb6\x5a\x70\x97\xff\x46\x02\x34\x75\x85\x6d\x97\xff\
\x02\xb9\x7c\xbf\x72\xd4\x46\x0b\xee\x52\xae\x1f\x12\xa2\x2f\xec\
\xba\xfa\x51\xac\x3c\x91\x28\x03\xca\x15\x33\x91\x10\x65\xda\xd5\
\x4f\x7f\x15\xb9\x78\x07\x6a\x8b\x05\x65\xc1\x86\xea\x5c\xb5\xe7\
\xd2\x0b\x91\x4b\x17\x6c\xa3\x36\x58\x50\x96\x6d\xd8\x74\xbd\x85\
\x76\x5c\x39\x7f\x33\x72\xe5\xf6\xd4\xf6\x0a\x94\xb4\x47\xc2\xb4\
\x39\xdf\x86\x0b\x8f\x41\x2e\xfc\x94\x1d\x17\x16\xd8\x4a\x3e\x56\
\x37\x60\x8c\xf5\xeb\x0e\x46\x6a\x01\xe6\xb9\x36\x0f\x55\xa0\x9f\
\x57\x91\x42\x92\x1b\x07\x5b\xbe\xec\x08\x24\xaf\x1e\xa6\xb6\x55\
\x80\xf1\x30\x12\xaa\x11\x56\x2f\xda\x0a\x49\xab\x09\x62\x21\x30\
\x2e\xb9\x80\x4c\xdb\xcf\x6b\x65\xf1\xa2\x19\x48\x56\x71\xb8\x6a\
\xa1\xe0\x06\xd8\xb4\xad\x0c\x6b\x97\xfc\x18\xb9\xe4\x43\xd4\x76\
\x0a\x58\x3c\x84\x84\xcb\x5a\xe1\xf6\xba\xf0\x82\xc9\x1c\x2d\x57\
\x26\x28\xcb\x3b\xc8\xf2\xcd\x75\xad\x5c\x10\x1b\x71\x28\x4a\x41\
\x72\x0c\x56\x46\xd2\xc2\xb8\xdd\xd0\x62\x78\xb9\x1a\xe3\xa8\x8d\
\x14\xb0\x19\x87\x0c\xdc\x59\x6c\x7e\xdc\x0e\xd6\xcd\x7c\x9a\xda\
\x46\x81\x1a\xa7\x91\x90\x99\x1e\xb8\x91\xbd\x16\x5e\xac\x88\x7e\
\x99\x2a\x81\x0a\x51\xc8\xf4\xbd\xb5\x66\xeb\xf7\x9e\x47\xb2\x49\
\xcc\x04\xe5\x9c\x5f\x21\x41\x33\xb9\xac\x50\xfe\x16\x78\xa9\x3a\
\xd4\xf6\x09\xb4\xa8\x03\xa3\xb6\xc5\x5c\xd7\xcd\x6e\xe4\x13\x70\
\x32\xb5\x79\x02\x2d\x26\x23\x9f\x82\xbb\xcd\x5c\xa8\x07\xd2\xb0\
\x78\x2f\xb5\x75\x02\x6d\xee\x85\x71\x9b\xd0\xc3\xc4\x75\x90\xa9\
\x20\x25\xd7\xa8\x8d\x13\x68\x73\x0d\x29\x1f\x66\x62\x9a\x48\xfe\
\x72\x78\x19\xf2\x75\x4a\x05\x7a\x40\x2a\xf9\x2d\x37\xfe\x16\x50\
\x1f\x5e\x25\xfc\x6b\x6a\xd3\x04\x7a\xf8\x75\x18\xc6\xce\xf8\x52\
\xee\xbf\x81\x17\xf9\x2d\xb5\x65\x02\x7d\x20\x33\xc6\x7f\x63\xf4\
\x1a\x15\xe0\x35\x0a\x44\x39\x58\x8f\x90\x82\x0c\x10\xad\x60\xf0\
\x1a\x6d\xe0\x25\xee\xa1\xb6\x4b\xa0\x97\x7b\x60\xf4\xda\x18\xbb\
\xc2\x64\xb8\x2a\xf8\xeb\xe9\xd4\x66\x09\xf4\x92\xfe\x3a\x08\x5f\
\x9a\xb1\x26\x9c\x01\x30\x85\xc4\x40\x40\x0f\x81\x0c\x0f\x1c\x60\
\xe4\xfc\xad\xb0\x1e\xcc\xa2\x93\xd4\x46\x09\xf4\x73\x72\x11\x08\
\xe0\x76\x23\x4b\x4c\x37\x87\x09\xd4\x92\xda\x26\x81\x11\x90\x9a\
\x8e\xcd\xf5\x9f\x7d\x16\xce\x05\xc8\xfb\x1d\xb5\x49\x02\x23\xfc\
\x0e\x8e\xe6\xde\xa8\xbf\xa2\xd7\x97\x30\x7d\x7e\x4f\x6d\x91\xc0\
\x18\xbf\x87\x31\xfc\x52\xf7\xc9\x48\x3f\xf0\x57\xd4\x06\x09\x8c\
\xf1\x15\x8c\xe1\x16\xbd\xe7\xce\x82\xe7\x7e\x4d\x6d\x8f\xc0\x28\
\x5f\xc3\x28\xce\xd2\x79\xea\x5b\xf0\xd4\x3f\x50\x9b\x23\x30\xca\
\x1f\x60\x14\xdf\xd2\x77\xe6\x49\x58\x10\xe4\x8a\x28\x08\xe7\x39\
\x42\xb0\x82\x68\xa6\xbe\x4f\xf9\xd3\x30\x75\xc6\x52\x5b\x23\x30\
\xce\x58\x18\x47\x7d\x43\xba\xab\x81\xf3\x76\xe5\x50\x1b\x23\x30\
\x4e\xce\x2e\x10\xc8\x6a\x7a\xce\xab\x09\x13\x47\x2c\x0a\xe2\x49\
\x90\xe5\x44\x6a\xea\x38\xed\x08\xfc\xeb\xb8\x4c\x6d\x8a\xc0\x0c\
\x97\xe1\xcb\xdc\x11\xed\xb3\x3a\x26\x81\xb3\x44\x23\x90\x47\x81\
\x8d\x41\x49\x1d\x35\x4f\x42\x4a\x02\xcd\xa2\x36\x44\x60\x0e\xa4\
\x41\x47\xbb\x68\x10\x9c\x0f\xfa\x0a\xb5\x1d\x02\xb3\xbc\x02\x82\
\xb9\x58\xeb\x94\xe3\x30\x69\x5c\x59\x94\x5e\xe0\x04\xa3\x61\x34\
\xb5\x16\x98\xff\x2d\x38\xa3\x24\x9d\xda\x0c\x81\x59\xd2\xe1\x14\
\x01\x8d\x91\xbd\xd9\xf0\xdb\xf1\x3e\x6a\x2b\x04\xe6\xb9\x0f\x84\
\x73\x97\xfa\x54\x61\xa4\x2c\xac\xb5\x1a\x33\x02\x52\x90\x1a\x4f\
\xea\xe5\x63\x1b\x82\xe3\x4b\x39\xeb\x06\xf8\x63\x97\x4d\x45\xd3\
\x7e\xfb\xa7\x1d\xd4\x3a\x94\x5c\x1e\x7b\x62\x5a\xd1\xa6\x2e\x7f\
\xa4\xd6\x51\x96\x50\x29\x08\x68\x43\xb5\xe3\xa3\xde\x06\xc7\xf3\
\xd5\x0a\x78\xb1\xf6\x6d\x59\x53\x39\x5b\xb1\x72\x4d\xe2\x6d\x61\
\xf3\xb4\xbf\xb4\xdd\x04\xb6\x06\xbe\xad\x56\xe2\x03\x3e\x31\xf2\
\xb8\x9a\x0d\xd2\xa4\xfa\x5d\x65\x7d\x39\x2a\x57\x59\x1c\xd1\x83\
\xde\xa9\x09\xb5\x9a\x48\x52\xe0\xd0\x30\xb5\xff\xf4\x79\xe0\xe8\
\x67\xa8\x2d\x88\xa4\x63\xa7\x48\x69\x19\xdc\x64\x40\x71\x99\xfa\
\x7c\xd5\x2f\x52\xeb\x89\xe4\x19\x10\xd2\x79\xec\x83\x7b\xc0\x85\
\x47\x76\x53\x1b\x10\x89\x22\x3f\x79\xc9\x80\x62\x45\x7d\xc6\xda\
\xd4\x82\x22\x81\x65\x3e\xfa\xb1\x8b\x05\xc0\x41\x24\x99\xdf\x50\
\x1b\x10\xc1\x1f\xc1\xe3\x89\x8b\x6e\xea\x62\x50\x9f\x93\xa7\x37\
\xc1\x6f\x60\x8f\x10\x7b\x78\x57\x25\x70\xec\x3e\x6a\xfd\x91\x74\
\x01\xf2\x78\x78\x06\xc0\xf8\xcb\x5d\xa8\x35\x45\xb2\x0f\xc8\xab\
\xc4\x3a\x34\xe7\x20\x38\xb6\x16\xb5\xfc\x48\x36\xc9\x1c\x66\x00\
\x12\x7f\x79\x13\xb5\xa8\x48\x6a\x01\x79\x07\x59\x0f\xce\xae\xe0\
\xd0\x02\xfb\x96\x9e\xb3\x01\xa4\x04\x1e\x79\x06\x60\xf1\x97\x8b\
\xa8\x3d\x15\xc9\x0a\x38\x57\xbc\x2b\xe3\xd0\x6e\xe0\x48\xbe\x9a\
\x81\xa7\x21\xbe\x26\xce\x00\x34\xfe\xf2\x34\x6a\x4f\x95\x01\x36\
\x07\x77\xc3\x0f\x0c\x75\x07\x47\x7e\x4b\x2d\xbe\x0c\x27\x30\x67\
\x93\x66\x00\x1e\x7f\xce\x4a\xa9\x7c\x0b\xf4\xed\xc2\x5b\x77\x5f\
\x05\x07\x1e\xd2\x3f\x9b\xcc\x0d\xc6\xa2\xde\x26\xcc\x00\x46\xfc\
\xe5\x3f\x51\x7b\xaa\x0c\x67\x0f\x01\x81\x4b\xd0\x03\x2b\x82\xe3\
\x74\x4e\x24\x70\x8b\xcb\x89\xb8\xbf\xa9\xbe\x06\x59\xf1\x9f\xca\
\x59\x47\x05\x9c\xe8\xb3\x01\x3d\xee\x53\x70\xdc\x9f\xa9\xa5\x2b\
\x58\x83\x3b\x9c\xe8\x19\xc0\x8a\xbf\x95\x02\xfd\x8e\xf0\x67\xa0\
\xf0\x53\xec\xb0\xc1\xa0\xd5\x38\x89\x8b\x76\x96\x48\xde\x62\xb8\
\x9c\x22\x03\x98\xf1\xef\x4b\xed\x25\x25\x39\x60\x9c\x6f\x32\xb6\
\x9a\xdc\x4e\x60\x49\x65\x6a\xe5\x00\xa6\xd3\xdd\xcf\x00\x8e\xa4\
\x68\x52\x19\x88\x5c\x87\x1c\x05\x3f\x02\xe7\x50\x0b\x87\x70\xe3\
\x76\x6e\x84\xe8\x61\x0e\x50\x89\xcd\x0f\x80\x1f\x81\x3c\x56\x06\
\xe6\xc4\xf1\x9c\xc8\xd0\xc9\x35\x20\x13\xf9\x10\x84\x1f\x81\x8d\
\xa8\x75\xa3\x70\xe1\x7a\x2e\x44\x18\xa0\x11\x10\x0a\x0b\x7e\xc0\
\x8f\x40\xcb\xab\x8e\x3a\x03\x07\xce\xe7\x40\x82\x31\xe0\xfa\xbf\
\x70\xa0\xd7\x01\x70\x4c\x1f\x6a\xd9\x0c\xc8\xdd\x4f\x2e\xc0\x30\
\x7d\x80\x54\xd0\x5a\x5d\x0c\x3e\x02\x0b\x78\xb5\x86\x3a\x00\xde\
\x8b\xbf\x74\x01\x74\x08\x25\x37\x56\x1c\x02\xa7\x91\x15\x52\xab\
\x66\x43\x1a\x02\x0f\xc6\x5f\x92\x0a\x81\xda\x27\x14\x47\xc0\xd1\
\xa3\xc7\xa8\x45\xab\x40\x18\x04\x4f\xc6\x5f\x3a\x06\xe4\x8e\x52\
\x1c\x71\x0a\x1c\xd1\x8c\x5a\xb4\x1a\x67\xa9\xc2\xe0\xcd\xf8\x4b\
\xcd\xa0\xde\xb2\x07\x84\xc0\x92\xa3\x13\xa8\x35\xab\x43\x94\x01\
\x1e\x8d\xbf\x24\x81\x15\xc0\x0e\x96\x9d\x22\xb6\x0c\x58\x54\xc9\
\xe4\x9d\xdc\x82\x24\x03\x3c\x1b\x7f\x64\xb8\xe7\x77\x65\xf6\xc3\
\xe2\xb0\xdf\x53\x4b\xd6\x82\x20\x03\xbc\x1b\x7f\xe9\x7b\xa0\x79\
\x7f\x99\xfd\x30\x41\xda\x51\x4b\xd6\xc4\xf5\x0c\xf0\x70\xfc\xa5\
\x76\x40\xf4\xf4\x32\xfb\x2f\x29\x77\xf7\xe3\x6c\x4e\x28\x86\xcb\
\x19\xe0\xe5\xf8\x4b\x21\x30\xe7\xa7\x34\x72\x77\x39\x60\x14\xc7\
\xad\x00\x77\x71\x35\x03\x3c\x1d\x7f\xac\x25\x20\x72\xd6\x67\x34\
\xd8\xbb\xc1\xf4\x9d\xdc\xc4\xc5\x0c\xf0\x78\xfc\xa5\x0d\x40\x78\
\xe4\x88\x5f\xb8\xca\xd4\x19\x6a\xc1\xfa\x70\x2d\x03\xbc\x1e\x7f\
\xe9\x0c\x50\x3e\x3f\x62\xef\x1b\xca\x9d\x25\x7c\x8d\x07\x66\xe3\
\x52\x06\x78\x3e\xfe\xd2\x59\x50\x2e\x28\xfe\xee\xce\x10\x18\x38\
\xfc\x03\xb5\x5e\xfd\x86\xb9\x11\x1a\xef\xc7\x5f\x92\x7e\x50\x6a\
\x4f\xba\xdb\x14\xb4\x0d\x18\xd6\x92\x5a\xae\x7e\x5c\xc8\x00\x3f\
\xc4\x1f\x59\x46\xea\x6e\x63\x3f\x1c\x6e\xbd\x80\x5a\xae\x01\x1c\
\xcf\x00\x5f\xc4\x5f\x5a\x00\xe4\x47\xff\xb4\xef\x71\xb0\x6f\x36\
\xb5\x5c\x23\x38\x9c\x01\xfe\x88\xbf\x34\x1b\xe8\xbf\xbb\x8e\x5c\
\xac\x72\x57\x6f\x6a\xb5\xc6\x38\xdb\xc1\xc1\x10\xf9\x24\xfe\x92\
\xd4\x5b\x69\x40\x8b\x9f\x76\x81\x92\xb2\x7c\x4d\x6f\xd5\xc6\xc1\
\x0c\xf0\x4d\xfc\xe1\xe4\xea\x84\x9f\x6c\x3c\xac\xdc\x35\x97\x5a\
\xac\x51\x1c\xcb\x00\xff\xc4\x5f\x9a\xab\x34\x21\xed\xce\xb0\xb0\
\x0f\x81\x75\xda\x45\xc5\x79\xc3\xa1\x0c\xf0\x51\xfc\x91\x85\x00\
\xee\x14\xb4\x83\xd3\xae\x5b\x53\x8b\x35\x8e\x23\x19\xe0\xa7\xf8\
\x4b\xad\x81\x15\x31\xb7\xf7\x3c\x0f\xf6\xf0\x55\xed\x52\x1f\x0e\
\x64\x80\xaf\xe2\x2f\x75\x04\x66\x34\xbd\xbd\xe7\x23\xe5\x8e\x47\
\xa8\xb5\x9a\xc2\xf6\x0c\xf0\x57\xfc\x25\xe9\x11\xa5\x1d\x71\xb7\
\x77\xb4\x55\xee\x68\x43\x2d\xd5\x1c\x36\x67\x80\xdf\xe2\x2f\xb5\
\x51\x1a\x92\x75\x6b\xfb\x56\x60\xe1\xcf\xa8\xa5\x9a\xc4\xd6\x0c\
\xf0\x5d\xfc\xa5\x9f\x01\x53\xd2\x6f\x6e\xaf\x07\xb6\xd7\xa7\x96\
\x6a\x16\x1b\x33\xc0\x7f\xf1\x97\xea\x03\x5b\x9a\x30\xb6\x97\xa7\
\x96\x6a\x1a\xdb\x32\xc0\x87\xf1\x97\xca\x03\x63\xce\xdf\xdc\x0e\
\x2a\xb0\xa6\x71\x57\x1a\x46\x3f\x36\x65\x80\x1f\xe3\x2f\xe5\xa4\
\x29\xad\xa9\x78\x73\x7b\xae\x72\xf3\x54\x6a\xa5\x56\xb0\x25\x03\
\x7c\x19\x7f\x49\x9a\xaa\x34\x27\xf7\xe6\xe6\x55\xca\xcd\x5e\xeb\
\x09\x28\x8b\x0d\x19\xe0\xd3\xf8\xc3\xde\x80\x55\x37\x37\x83\x21\
\xe1\xd3\x2d\xde\x87\x18\xcb\x19\xe0\xd7\xf8\x4b\xd3\x95\x06\xdd\
\x9c\xff\x97\x0f\x06\x8b\xcd\xa0\x16\x6a\x11\x8b\x19\xe0\xdb\xf8\
\x4b\x33\x94\x16\x95\xe4\x5f\xdf\xfa\x3b\x60\x28\x5f\x95\x4e\x4d\
\x60\x29\x03\xfc\x1b\x7f\xe9\x4f\xc0\xa6\x1b\x03\x7f\x60\x69\x88\
\x85\x96\xef\x44\x8d\x85\x0c\xf0\x71\xfc\x91\x55\x21\x67\x5d\xdf\
\x3a\x13\x6c\x7d\x8f\x5a\xa8\x75\x4c\x67\x80\x9f\xe3\x2f\xbd\x07\
\xac\x9a\x29\x21\x7f\x0c\x79\xf9\xd4\x42\x6d\xc0\x64\x06\xf8\x3a\
\xfe\x52\x3e\x28\x04\x75\xe3\x75\x0f\xbc\x1a\x96\x5a\xbe\x11\x0f\
\x98\xca\x00\x7f\xc7\x5f\x92\xc0\x3a\xa2\x37\x3e\xf8\x40\x33\xc0\
\x43\xd4\x32\xed\xc1\x44\x06\xf8\x3d\xfe\x12\xb0\xef\x46\x43\xc0\
\x67\xca\x8d\xdc\x55\xbb\x36\x89\xe1\x0c\xf0\x7d\xfc\xa5\xbe\x4a\
\xcb\x3e\xbb\xbe\xb1\x93\x72\xe3\xc3\xd4\x32\xed\xc2\x60\x06\xf8\
\x3f\xfe\xd2\xc3\x4a\xd3\x3a\x5d\xdf\x08\x8a\xc9\xaf\xa6\x96\x69\
\x1b\x86\x32\x20\x00\xf1\x97\x56\x2b\x6d\x4b\x92\xa4\x0b\xc0\xe0\
\xdd\xd4\x32\xed\xc3\x40\x06\x04\x21\xfe\xc8\x3a\xb2\x17\xa4\xbd\
\x60\x1b\x6f\x2b\x9e\x58\xe1\xec\x2a\x9d\x61\x0d\x44\xfc\xa5\x9e\
\xc0\xbc\xbd\xd2\x77\x60\x1b\x57\xcb\x9f\x5b\x45\x67\x06\x04\x23\
\xfe\x52\x13\x60\xdf\x77\x48\xf3\x20\xd7\x25\x42\x0d\xa3\x2b\x03\
\x02\x12\x7f\xa4\x60\xe8\x42\x64\x59\xc1\xc1\xd6\x6f\xc4\x13\x3a\
\x32\x20\x28\xf1\x97\x06\x03\x0b\xbf\x95\xf6\x2b\x37\xe5\x51\xab\
\xb4\x1b\xcd\x0c\x08\x4c\xfc\x25\x09\xb4\x05\xef\x87\x65\xc2\x13\
\xa9\x45\xda\x8e\x46\x06\x04\x28\xfe\x12\x58\x7a\x33\x15\x56\x0e\
\xa9\x46\x2d\xd2\x7e\x54\x33\x20\x48\xf1\x97\xaa\x29\x8d\x6c\x09\
\x8b\xc4\xc6\x59\xbf\x0d\x77\xa8\x64\x40\xa0\xe2\x2f\xc5\x29\xad\
\xac\x04\xab\x83\x5c\xa5\x16\xe9\x04\xcc\x0c\x58\xf5\x11\x63\x87\
\x2f\xe3\x2f\x5d\x55\x9a\x19\x0b\x57\x95\xf4\xf8\x90\x50\x06\xcc\
\x0c\x08\x54\xfc\x61\xdf\x7f\x65\xa9\x8a\x72\x93\x5f\x3a\x03\x15\
\x18\xcb\x00\x9f\xc6\x1f\x76\x07\x56\x81\xff\x0a\xf7\x53\x8b\x74\
\x08\x23\x19\xe0\xd7\xf8\x4b\xf7\x2b\x2d\x8d\x93\xe2\x95\x9b\x9e\
\xa7\x16\xe9\x14\xfa\x33\xc0\xb7\xf1\x87\xb5\x40\xe2\xa5\xaa\xca\
\x4d\x7f\xa1\x16\xe9\x18\x7a\x33\xc0\xbf\xf1\x97\xfe\xa2\xb4\xb5\
\x2a\xfc\x32\xfc\x82\x5a\xa4\x73\xe8\xcb\x00\x1f\xc7\x5f\xfa\x42\
\x69\x6c\x35\x29\x41\xb9\xa9\xb9\xf5\xdb\x70\x8b\x9e\x0c\xf0\x73\
\xfc\xa5\xe6\x4a\x6b\x13\xa4\xea\xca\x4d\xde\x58\x2a\xc2\x24\xda\
\x19\xe0\xeb\xf8\xc3\x65\x23\xaa\xc3\xd6\xe1\xf6\xd4\x22\x1d\x45\
\x2b\x03\xfc\x1d\x7f\xa9\xbd\xd2\xde\x44\x09\xac\x18\xf9\x57\x6a\
\x91\xce\xa2\x9e\x01\x3e\x8f\xbf\xf4\x57\xa5\xc1\x35\xe0\x98\xd0\
\xfd\xd6\x6f\xc3\x35\x6a\x19\xe0\xf7\xf8\xc3\xce\xff\x24\x29\x59\
\xb9\xc9\xf3\x73\x83\xb5\x38\xfb\x35\x2b\xfe\x2f\xfb\x3d\xfe\x70\
\x7e\x70\x72\x00\x13\xa0\xf8\x23\x91\x00\x11\x09\x10\xb8\xbf\x00\
\x66\xff\x6f\x40\xff\x02\x82\xf6\x12\xa8\x16\x7f\xff\x67\x00\xf2\
\x12\x18\xb0\xcf\x40\xf5\xf8\xfb\x3e\x03\x90\xcf\xc0\x60\x35\x04\
\x69\xc5\xdf\xef\x19\x80\x34\x04\x05\xaa\x29\x58\x3b\xfe\x3e\xcf\
\x00\xa4\x29\x38\x48\x9d\x41\x7a\xe2\xef\xef\x0c\x40\x3a\x83\x40\
\x77\xf0\xdf\xa8\x45\x3a\x86\xbe\xf8\xfb\x3a\x03\xfe\xa6\xb4\xb5\
\x6a\x80\x06\x84\xe8\x8d\xbf\x9f\x33\xe0\x79\xa5\xa9\xf1\xc1\x19\
\x12\xa6\x3f\xfe\x3e\xce\x00\x64\x48\x58\x50\x06\x85\x1a\x89\xbf\
\x7f\x33\x00\x19\x14\x1a\x90\x61\xe1\xc6\xe2\xef\xdb\x0c\x40\x86\
\x85\xc7\x2a\x37\xc5\x52\x8b\x74\x02\x66\xfc\x5f\x76\x72\xd5\x59\
\xfe\x40\xa2\x1d\x88\xa9\x61\x2a\xf3\xbf\x2e\xbc\x1c\xa4\x0c\x40\
\xa6\x86\x05\x61\x72\xa8\xea\xfc\xbf\x40\x65\x00\x32\x39\x14\x4c\
\x0f\xdf\x45\x2d\xd2\x76\x34\xe6\x7f\x06\x29\x03\x76\x29\x6d\x4c\
\x85\x1d\x84\x25\xd4\x22\xed\x46\x73\xfe\x6f\x80\x32\x00\xac\x0d\
\xb1\x5f\xda\x09\xcc\xfe\x86\x5a\xa5\xbd\xe8\x98\xff\x1d\x98\x0c\
\xf8\x06\x58\xb8\x53\x7a\x02\x6c\xdb\x46\x2d\xd3\x56\x74\xcd\xff\
\x0f\x4a\x06\x6c\x03\x06\x3e\xe1\xf7\x32\x71\x3a\xeb\x3f\x04\x24\
\x03\xb0\x32\x71\xfe\x2e\x14\xa9\xbb\xfe\x47\x30\x32\x00\x2b\x14\
\x09\x4b\xc5\xbe\x46\x2d\xd3\x3e\x0c\xd4\x7f\x09\x44\x06\xbc\x06\
\xac\xbb\x80\x14\x8b\x1e\x4f\x2d\xd3\x36\x0c\xd5\xff\x09\x42\x06\
\x8c\x57\xda\x96\x24\x21\xe5\xe2\x7d\x33\x22\xc4\x60\xfd\xa7\x00\
\x64\x00\x18\x0f\x72\xa3\x5c\xbc\x6f\x17\x8c\x30\x5c\xff\xcb\xff\
\x19\x80\x2e\x18\x01\x7a\x43\x3a\x50\xcb\xb4\x07\x13\xf5\xdf\x7c\
\x9f\x01\x68\xac\x87\x2b\x37\x4e\xa0\x96\x69\x0b\xa6\xea\xff\xf9\
\x3d\x03\x26\x28\xed\x1a\x7e\x7d\xe3\x03\xca\x8d\xbe\x58\x36\xce\
\x64\xfd\x47\x7f\x67\x00\x5c\x36\xee\x01\x89\xb5\x9e\xa8\xc7\x31\
\x5d\xff\xd3\xd7\x19\x30\x1b\x58\x75\x63\x22\x28\xbe\x9e\xa8\xb7\
\xb1\x50\xff\xd5\xcf\x19\x80\xaf\x12\x0c\xd3\x62\x26\xb5\x50\xab\
\x58\xaa\xff\xeb\xe3\x0c\x80\xab\x04\xdf\x78\xd8\xc3\x3f\x86\xbf\
\x53\x0b\xb5\x88\xc5\xfa\xcf\x17\xaa\x58\x3a\x9d\x63\xfe\xae\xb4\
\xe8\xd6\xeb\x1e\x78\x35\xec\x45\x2d\xd4\x1a\x96\xeb\x7f\xfb\x36\
\x03\x7a\x29\x0d\xba\xf5\xc1\x07\x3e\x0e\x3f\xa5\x16\x6a\x09\x1b\
\xea\xbf\xfb\x35\x03\x3e\x55\xda\x73\xab\xc9\xa7\xb6\x72\xf3\xfb\
\xd4\x42\xad\x60\x4b\xfd\x7f\x9f\x66\xc0\xfb\x4a\x73\x6a\xdf\xdc\
\x0c\xa6\x0c\xa7\xe5\x50\x2b\x35\x8f\x4d\xeb\x3f\xf8\x32\x03\x72\
\xd2\x94\xd6\xdc\x2a\x05\x70\x1e\x58\xd9\x8a\x5a\xaa\x69\x6c\x5b\
\xff\xc3\x8f\x19\xd0\x0a\x18\x73\xfe\xe6\x76\x38\x4c\x64\x1d\xb5\
\x54\xb3\xd8\xb8\xfe\x8b\x0f\x33\x60\x1d\xb0\xe5\xd6\xe0\xaf\x74\
\xb0\xfd\x51\x6a\xa9\x26\xb1\x75\xfd\x1f\xff\x65\xc0\xa3\xc0\x94\
\xf4\x5b\x3b\xb2\x94\xdb\xf7\x51\x4b\x35\x87\xcd\xeb\x3f\xf9\x2e\
\x03\xf6\x29\x0d\xc9\xba\xbd\x03\xcc\x17\x5a\x4e\x2d\xd5\x14\xb6\
\xaf\xff\xe5\xb7\x0c\x58\xae\xb4\xe3\xce\x2c\xc0\xa6\xca\x1d\x69\
\x1d\xa9\xb5\x9a\xc0\x81\xf5\xdf\xfc\x95\x01\x1d\xc1\x47\x40\xd3\
\xdb\x7b\x62\x80\x81\xad\xa9\xc5\x1a\xc7\x91\xf5\xff\x7c\x95\x01\
\xad\x81\x15\x31\xb7\xf7\xc0\xcf\x00\xef\x55\x0b\x75\x68\xfd\x47\
\x3f\x65\x00\x98\x04\xf8\xd3\x0c\x90\xc6\xe0\xd9\x30\x97\x5a\xac\
\x51\x1c\x5b\xff\xd3\x47\x19\x30\x57\x69\x42\x5a\xe3\x3b\xbb\x40\
\xad\xc0\x69\xd4\x62\x0d\xe2\xe0\xfa\xaf\xfe\xc9\x80\x69\x4a\x0b\
\x12\x7e\xda\xd5\x42\xb9\xab\x37\xb5\x58\x63\x38\xba\xfe\xaf\x6f\
\x32\xa0\xb7\xd2\x80\x16\x3f\xed\x02\xf5\x23\xbd\x35\x2a\xcc\xe1\
\xf5\x9f\x7d\x92\x01\x70\xe0\xcf\xdd\x9a\xb0\xd1\x60\xdf\x02\x6a\
\xb9\x06\x70\x7c\xfd\x6f\x7f\x64\xc0\x02\x20\x3f\xfa\xa7\x7d\xcd\
\xc0\xbe\x96\xd4\x72\xf5\xe3\xc2\xfa\xef\xbe\xc8\x00\x50\x0b\x48\
\x6e\xf6\xd3\xbe\x6c\x30\x3f\xf0\x07\x6a\xb9\xba\x71\x21\xfe\xfe\
\xc8\x80\x1f\x94\xda\x93\xb2\xef\xee\x04\xf5\x62\x4b\xce\x52\xeb\
\xd5\x89\x2b\xf1\xf7\x43\x06\x9c\x05\xd5\x61\xe2\x23\xf6\xce\x07\
\x86\x55\xa0\x16\xac\x0f\x97\xe2\xef\x83\x0c\xa8\x00\x94\xcf\x8f\
\xd8\xfb\x2d\xd8\x5b\x91\x5a\xb0\x2e\x5c\x8b\xbf\xf7\x33\xa0\x22\
\x10\xfe\x6d\xc4\xde\x14\xb0\xb7\x0e\xb5\x60\x3d\xb8\x18\x7f\xcf\
\x67\x40\x1d\xa0\x3b\x25\x72\x77\xa9\x72\x6f\x56\x88\x5a\xb1\x36\
\xae\xc6\xdf\xe3\x19\x10\x02\x83\x3e\x4a\xcb\xec\x07\x45\x84\xe5\
\xf2\xd4\x92\x35\x71\x39\xfe\xde\xce\x80\xf2\x40\x74\xd9\xa2\xe0\
\xb0\xa7\xe8\x13\x6a\xc9\x5a\xb8\x1e\xff\xeb\x19\x90\xe1\xd9\x0c\
\xf8\x04\x68\x2e\xdb\xe3\xfb\x1d\xd8\x7f\x84\x5a\xb2\x06\x04\xf1\
\xf7\x72\x06\x1c\x01\x92\xbf\x2b\xb3\x3f\xfb\xa0\x72\x7f\x82\xc9\
\x3b\xb9\x04\x49\xfc\x3d\x9c\x01\xa0\xc3\xf7\x60\x76\xd9\x03\xa0\
\x61\xd7\xa8\x35\xab\x41\x14\x7f\xcf\x66\xc0\x35\xa8\x57\x71\xc4\
\x28\x70\xc4\x3f\xa8\x45\xab\x40\x16\x7f\xaf\x66\xc0\x3f\x80\xdc\
\x51\x8a\x23\x60\xc9\xe0\xca\xd4\xa2\xd9\x10\xc6\xdf\xa3\x19\x00\
\x16\x06\x92\x9f\x50\x1c\xd1\x18\x2c\x23\x9f\xc4\xed\x0c\x41\xd2\
\xf8\x7b\x32\x03\x72\x40\x6f\x5f\x72\x63\xe5\x31\x60\xc0\x90\xfc\
\x31\xb5\x6c\x06\xc4\xf1\xf7\x62\x06\x7c\x0c\xa4\xc2\x41\x7f\x60\
\xe5\x10\x5e\xc7\x04\x90\xc7\xdf\x83\x19\x00\xc7\x02\xa4\x82\x63\
\xbe\x02\xc7\x14\x51\xcb\x46\xe1\x20\xfe\xde\xcb\x80\x22\x20\xf4\
\x2b\x70\x4c\x08\x2c\x27\x23\xbf\x47\xad\x1b\x81\x8b\xf8\x7b\x2d\
\x03\xde\x03\x32\x13\x91\xae\x1e\xd8\x56\xc4\xe1\xf4\x10\x4e\xe2\
\xef\xb1\x0c\x80\x0d\xfd\xf7\x22\x47\xc1\xd9\xe3\xfc\x4d\x12\xe6\
\x26\xfe\xde\xca\x00\x30\x2d\x58\xae\x8f\x1c\x35\x18\x7c\x08\x1e\
\xda\x43\xad\x5c\xc9\x74\x8e\x9c\xce\xcc\x80\x79\xd4\x5e\x52\xb2\
\xe7\x90\x52\x62\xf2\x0e\xec\x38\x50\x43\x8a\xbb\xc5\x63\x3e\xe7\
\x28\xfe\x2a\x19\xd0\x87\xda\x4f\x0a\xe0\x42\x31\x3f\x47\x8f\x03\
\xc5\xa2\x78\x5b\x47\xfa\x72\x22\x4f\xf1\x67\x67\x40\x27\xce\x66\
\xd7\xc3\xe7\xe6\xff\xa0\xc7\x2d\x01\xc7\x2d\xe2\xeb\xef\x6c\x2c\
\x5f\xf1\x67\x67\xc0\x3f\xa9\x3d\x55\x56\xe5\x22\x20\xf0\x38\x7a\
\x20\xf2\x21\x18\x6d\xf0\x5e\xce\x72\x82\xb3\xf8\x33\x33\x60\xbe\
\xf5\x2b\xdb\x08\x9c\xf7\x95\xc8\x18\xef\xd7\x0d\x1c\xb9\x89\x5a\
\x7c\x19\xa6\x61\xce\xa6\x7d\xe9\xc6\x33\xe0\x00\xb5\xa7\xca\xb0\
\x09\xe8\xab\xc4\x38\xb2\x2b\x38\x32\xa9\xb1\xa1\x5b\x39\x4c\x11\
\xe2\x6b\xea\x8f\x2e\x34\x03\xb8\x6a\x43\x6d\x0c\x3a\x82\xe4\x35\
\x8c\x43\x73\xc0\x04\xe2\xdb\x95\x04\x39\x61\x13\x7f\xf1\xc7\x33\
\xe0\xf7\xd4\xa2\x22\x81\x75\x40\xd9\xaf\x76\xa0\x9a\xb4\xbc\x9e\
\x5a\x7e\x24\x5d\x38\x8c\x3f\x9a\x01\xab\xa9\x35\x45\xb2\x1e\xc8\
\x1b\xce\x3c\x16\x7e\x30\x66\xf2\xb4\x94\xf8\x07\x3c\xc6\x1f\xc9\
\x80\xb4\xaf\xac\x5f\xd4\x36\xbe\xc9\x04\x41\x9d\xc4\x3c\xb8\x47\
\x3f\x70\xf0\x6e\x6a\x03\x22\x19\xc0\x63\xfc\x61\x06\x70\x55\x61\
\x69\x37\x08\x69\x0d\x95\x06\x5e\xb0\xb0\xa0\x7c\x8a\xda\x80\x48\
\x56\x94\xf2\x18\x7f\x65\x06\x2c\x5f\x41\xad\x27\x92\x53\x20\xa4\
\x6a\x03\xfe\xfb\x80\xa3\xf3\x52\x74\xdf\xca\x05\xbe\x8a\xc8\x80\
\xbe\xdc\xc4\xff\x7a\x06\x44\x7c\x41\x57\xaf\x47\xad\x26\x92\x14\
\xb0\x20\x90\xfc\x2b\x95\xc3\xa3\xda\x82\xc3\x37\x50\x9b\x50\x86\
\x15\x77\xfe\x05\xa6\x72\xd6\x4f\x31\xe9\x4e\x2b\x5a\xc3\x8b\xd4\
\x52\xca\x00\xdb\xf7\xdb\x46\xa9\x1d\x3f\x00\x1c\x5f\xca\xd9\x2c\
\xd1\x0f\xba\x6c\x2a\x9a\xf6\xdb\x3f\xed\xb0\x7e\x25\x7b\xb9\x3c\
\xf6\xc4\xb4\xa2\x29\x0d\xb8\xfa\xf9\x4b\x52\x08\xcc\xfa\x95\x73\
\x55\x4f\xe8\x0f\x8e\x97\x9f\xa5\x36\x42\x60\x9e\x67\x61\x3c\xfb\
\xab\x9e\x90\x3f\x08\x9c\xc0\x57\x73\xb0\xc0\x10\xb0\xed\x6c\x90\
\xc6\xc2\xc0\x03\xc1\x19\xe1\xad\xd4\x56\x08\xcc\xb2\x35\x0c\xc2\
\x39\x50\xe3\x14\x58\x38\x5a\x6e\x4f\x6d\x86\xc0\x2c\xed\x61\x34\
\x9b\x68\x9d\x33\x14\x9c\xb2\x85\xda\x0c\x81\x59\xb6\x80\x60\x0e\
\xd5\x3c\x67\x08\x4c\x1a\x8f\x54\x0c\x13\x28\x81\x95\xc1\xe4\x21\
\x9a\x27\x0d\x2e\x00\x27\x71\x36\x32\x4c\xa0\x17\x38\x16\xac\x60\
\xb0\xf6\x59\xb0\x4b\x70\x3b\x77\x1f\xdd\x02\x3d\xec\xd8\x0e\x42\
\xa9\x67\x59\xe8\x61\xf0\xb9\xd1\x80\xda\x14\x81\x19\x1a\xc0\x48\
\x0e\xd3\x73\x1e\x1c\x78\x33\x95\xbb\x09\x02\x02\x6d\xf6\x4c\x05\
\x81\xd4\x37\x54\x69\x3c\x4c\x9c\xdd\xd4\xc6\x08\x8c\x03\x3b\x82\
\xe5\xf1\xba\x4e\x1c\x17\x06\x27\x6e\xa6\x36\x46\x60\x9c\xcd\x20\
\x8c\xe1\x71\xfa\xce\x9c\x02\x53\x87\xb7\xc9\x2e\x02\x4d\x60\xd7\
\xbe\x3c\x45\xe7\xa9\x48\x8f\xd0\x2a\x6a\x73\x04\x46\x59\x05\xa3\
\xd8\x5f\xe7\xa9\xa1\x04\x78\x6e\x67\x6a\x7b\x04\xc6\xe8\x0c\x63\
\x98\xa0\xbb\x67\x7f\x0e\x3c\x59\xcf\x07\xa4\x80\x23\x60\x73\x8e\
\x3c\x47\xf7\xc9\xc5\x70\x60\x50\xc9\x73\xd4\x16\x09\x8c\xf0\x1c\
\x58\x20\x44\xce\x2a\xd6\x7f\xfa\x03\x30\x7d\x46\x52\x9b\x24\x30\
\xc2\x48\x18\xc1\x47\x0d\x9c\x5e\x0e\x0e\x26\x3f\xa8\xa3\x15\x59\
\xc0\x0b\x83\x41\xed\x67\x39\xb3\x9c\x91\x0b\xd4\x86\x09\xf4\x00\
\xb5\x51\x02\xfd\x20\x8f\x70\x63\x85\x4b\xfe\x05\xd6\x93\x96\x0f\
\x8d\xa3\xb6\x4a\xa0\x97\x71\xa0\x28\x8c\x9c\x66\x70\x05\x10\x58\
\x5c\x56\xbc\x05\x78\x07\xe4\x0d\xa0\xd0\xe0\x25\xce\xc0\x4b\x24\
\xbd\x40\x6d\x97\x40\x1f\x2f\xc0\x19\xe1\xf2\x42\xa3\x17\x79\x0c\
\x5e\xe3\x79\x6a\xc3\x04\xfa\x78\x1e\xc6\x6e\xb1\xe1\x8b\xd4\x87\
\x17\xc9\x14\x6d\x01\x9e\xe0\x39\xf8\x0d\x27\xd7\x32\x7c\x95\xfc\
\xe5\xf0\x2a\x0d\xa9\x4d\x13\xe8\xa1\x21\x8c\x5c\xa7\x28\xe3\x97\
\xf9\x1e\x5e\xa6\xe4\x28\xb5\x6d\x02\x6d\x8e\xc2\x46\x40\x53\xcb\
\xbf\xf4\x80\xd3\xca\xb8\x5f\x4a\x4c\x20\x61\x45\x9f\xe5\x47\x4c\
\x0d\xe9\x9a\x08\x2f\x94\x3c\x99\xda\x3a\x81\x16\x93\x93\x61\xdc\
\xc6\x9a\xba\x52\x7e\x23\x78\x25\x4f\x2c\x29\x1c\x6c\xe0\x22\xc1\
\x72\x82\x89\x37\x80\x1b\xd4\x82\x97\x12\x43\x83\x78\x07\x19\x08\
\x24\x3f\x6d\xf2\x5a\xd9\x57\xe0\xb5\x5e\x32\x99\x4c\x02\x77\x88\
\x7a\x09\x89\x59\xb6\xd9\xab\x7d\x8b\x64\xd3\x31\x6a\x13\x05\x6a\
\x1c\x43\x42\xb6\xce\xf4\xd5\x42\xef\xc2\xab\xf5\x3b\x49\x6d\xa3\
\x80\xcd\x49\x58\xe7\x4d\x1e\x6a\xa1\xc6\x4b\x57\x24\x9f\x4e\x50\
\x1b\x29\x60\x83\xd5\xd3\xee\x6a\xe5\x82\x48\x8f\x40\x72\x3b\x6a\
\x2b\x05\x2c\xda\x21\x9f\x80\x8f\x59\xba\xe2\x93\x48\x46\xbd\x4c\
\x6d\xa6\x80\xc5\xcb\x48\xb8\x9e\xb4\x76\xc9\x0e\xc8\x25\x27\x59\
\xbb\xa4\xc0\x29\x26\x21\xc1\xea\x60\xf1\x9a\xcb\x90\x87\xca\x2b\
\xdc\xae\x2a\x1c\x6c\x72\x5e\x41\xfe\xb0\x97\x59\xbd\xea\x40\x24\
\xab\x66\x50\x9b\x2a\xc0\x98\x81\x84\x4a\xab\x26\x94\x36\x97\x91\
\x0f\x8b\x12\xcb\x69\x25\xb0\x9f\x65\x48\x2f\x60\xbf\xcb\xd6\xaf\
\x8b\x35\x2d\xd4\x35\xdd\xb6\x24\x70\x8a\xec\xba\x48\xa0\x8e\xd9\
\x70\xe1\x28\xa4\x41\x58\x3e\x4d\x6d\xae\x40\xc9\x69\x24\x4c\x57\
\x6c\x69\xb8\xff\x11\xb9\xf2\xeb\xb3\xa9\xed\x15\x94\x65\xf6\xeb\
\x48\x98\x7e\xb4\xe7\xda\x6d\x90\x4b\x67\x50\x1b\x2c\x28\xcb\x33\
\x48\x90\xda\xd8\x74\xed\x66\x61\xe4\xe2\x6f\x52\x5b\x2c\x88\xe4\
\x4d\x24\x44\xe1\x66\x76\x5d\x1d\x99\x67\x20\x6f\x14\x25\x84\x39\
\x62\xeb\x46\x24\x44\xf6\xcd\xe4\xe9\xb8\x0b\xb9\xfc\x5b\xd4\x46\
\x0b\xee\xf2\x16\x12\xa0\x5d\x36\x2e\x61\xbc\x13\xb9\xbe\x68\x11\
\xe6\x07\xac\x0d\x58\xde\x69\xe7\x1d\xf6\x21\x37\x78\x5b\x4c\x15\
\xe3\x84\x17\xde\x46\xc2\xb3\xcf\xd6\x5b\xec\xed\x8d\xdc\x22\x83\
\xb3\xd5\x64\x82\x4a\x08\x5b\xbe\xb6\xf7\x5e\x7b\x6f\xb2\x1f\x7b\
\xc8\x88\xe6\x20\x2e\x38\x8d\xc5\x66\xbf\xcd\x37\x09\x1d\x40\x6e\
\x92\xf9\x0e\xb5\xed\x02\x49\x7a\x07\x99\x0a\x28\x1f\xb0\xfd\xe9\
\x3c\x19\xbb\xcd\x5a\x8e\xd6\xee\x0b\x2a\x17\xd6\x62\x3f\x4d\x07\
\x66\xf0\xa4\x62\x0f\x9a\xa6\xd4\xe6\x0b\x9a\x62\x71\x49\x75\xe0\
\x46\x3d\x36\x63\x77\xb2\x38\xe0\x48\x60\x15\x6c\xd0\x9e\xbc\xb9\
\x87\x13\xb7\xaa\x77\x18\xb9\x55\x62\x3a\xb5\x07\x82\x4d\x7a\x22\
\x12\x94\xc3\x0e\x2d\x5f\x39\x1f\x4b\xb6\x42\xf1\x2d\x48\x48\xa8\
\x10\x8b\xc9\x7c\x87\xee\x56\x5c\x84\xdd\xcd\x89\xbf\x1b\x81\x4e\
\xd0\x17\xb3\x22\x03\x25\x41\x8d\xb1\x24\x8c\x3d\x6f\xc4\x7c\x51\
\x32\xfa\x60\xff\xca\xe1\x25\xce\xdd\x70\x29\x96\x70\x59\xef\x51\
\xfb\x21\xa8\xbc\x97\x85\xc5\x63\xa9\x83\x77\x0c\x61\xd3\x04\xe4\
\xaa\xa2\x35\x80\x84\x0b\x55\xb1\x68\x74\x70\xf4\xa5\xec\xc5\xb6\
\xd8\x3d\x45\xe5\x18\x12\x8e\x60\xb1\x68\xfb\xa2\xb3\x37\x5d\x83\
\xdd\xd4\xf6\x86\x67\x81\x0e\xd0\xee\x19\x79\x8d\xd3\xb7\xcd\xc5\
\xee\x1a\xfe\x80\xda\x1b\xc1\xe3\x03\xec\x8d\x5c\xce\x75\xfc\xbe\
\xc5\x8d\xb0\xfb\xbe\x9f\x4e\xed\x8f\xa0\x91\xfe\x3e\x16\x87\x46\
\x8e\x7d\x01\xde\xe5\x78\x09\x76\xe7\x8f\x44\xe9\x18\x57\x89\xfa\
\x08\x8b\x42\xc9\x71\x37\xee\x3d\x1a\xfd\xef\x31\x56\x8e\x5e\x60\
\x91\x79\x68\x10\x46\xbb\x72\xef\xd0\x29\xf4\xe6\xa2\x45\xd0\x45\
\xd0\x16\x40\xf9\x94\x4b\xcd\xf2\x3b\x4a\xb1\xbb\xa7\xad\xa4\xf6\
\x4a\x70\x58\x99\x86\x45\xa0\xd4\xb5\x55\xde\x5f\x2d\xc0\xee\x9f\
\xa9\x6b\x69\x6a\x81\x75\x86\x61\x83\x73\xe4\x82\x57\xdd\x53\xf0\
\x1a\xfa\x04\xca\x3a\x47\xed\x99\x60\x70\x0e\x6d\x01\x96\x5f\x73\
\x53\xc3\x40\x54\xc2\x04\x31\x5b\xc8\x05\xb6\x4e\x40\x9d\x6f\xbd\
\x14\x84\x11\xf6\xbc\x81\x8a\x88\x17\xbd\x02\x8e\x73\x21\x1e\x75\
\xfd\x1b\xa6\x0a\x82\x9b\x67\x6f\x22\x2a\x23\x56\x0c\x0f\x71\x98\
\x50\x2c\xea\xf8\x44\x9b\xa7\x01\x68\x73\x26\x0f\x15\xe2\xd4\x60\
\x14\xc1\x6d\xe6\xa3\x6e\xcf\x3b\xe3\xbe\x92\xf1\xa8\x12\xf9\xef\
\xd4\x1e\xf2\x37\x7f\xc7\xbd\x3e\x9e\x42\xcb\x14\x5c\x8b\x93\xe3\
\x11\x02\xcf\x52\xdc\xe7\x53\x48\xc4\x9c\xc5\xdf\x46\xe4\x31\xd4\
\x5e\xf2\x2f\x63\x70\x8f\xc7\x9f\xa5\x91\xc3\xf8\x1e\x49\x73\xf5\
\x83\x34\x48\xbc\x86\x36\x00\x12\x7e\x7d\x33\x5a\x24\x92\x17\x50\
\x7b\xca\x9f\x2c\x48\x46\xdd\x4d\xd9\xfe\x86\xb7\x49\xca\x61\x31\
\x5f\xc8\x01\x9e\x0c\xa3\xce\xa6\x6d\x81\x3f\x8f\x3f\x94\x0a\x66\
\x51\x7b\xcb\x7f\xcc\x42\x3b\x60\xe4\xb4\xf3\xb4\xb2\x2a\xe2\xaf\
\x25\x87\xc4\x18\x31\x9b\xf9\xe0\x10\xee\xe9\x8a\xd4\xc2\x72\x71\
\x5d\x8b\x08\x5a\x26\xfc\xcc\x99\x45\xb8\x9f\x9d\x1f\x03\xa8\x45\
\x54\x06\xae\xac\x40\x4c\x18\xb2\x91\x3e\xf8\xf3\x5f\xce\xe0\x60\
\x24\xde\xc5\x77\x71\x6d\xe1\xcf\xa9\x95\xf9\x87\xcf\xf1\xf7\x3f\
\xf9\xdd\x8b\xd4\xca\x6e\x90\x72\x09\x57\x97\x67\x7c\xc9\x72\x01\
\x4a\x2d\xbc\xdf\x45\xbe\x94\x42\xad\xec\x16\xb3\x3b\xe1\xfa\x0e\
\x7f\x42\xad\xcc\x1f\x7c\x72\x18\xf7\x6f\x27\x6e\x2a\x76\x9f\xc3\
\xfb\x86\xe5\x34\x51\x46\xcc\x06\x4e\xe3\x9f\xda\x72\x22\x47\x03\
\xb0\xde\xc1\x9b\x04\x65\x79\x03\xb5\x32\xef\xb3\x81\xe1\xda\x2c\
\xae\x4a\xb4\x7d\xc8\xf8\x4a\x91\xff\x4d\xad\xcc\xeb\xfc\x9b\xe1\
\xd8\x45\x1f\x52\x2b\x2b\x4b\x05\xc6\x77\x8a\x3c\xdc\xe5\xa1\x4a\
\xfe\x62\xcf\x70\x86\x5b\x0b\x2a\x50\x4b\x53\xd2\x27\xcc\x90\xfa\
\x1f\xd7\x46\xab\xfb\x8f\x1d\xff\x61\x38\x35\xcc\x61\x2b\xcb\x9a\
\x64\x86\xd8\x2d\xd7\xa8\xa5\x79\x95\x6b\x5b\x18\x2e\x4d\x76\x7c\
\x12\xb8\x19\xde\x64\x7c\xad\xc8\x6f\x37\xa1\x96\xe6\x4d\x9a\xbc\
\xcd\x70\xe8\x61\x4e\x97\x6b\x79\x93\xf5\x0c\x28\x88\xa6\x96\xe6\
\x45\xa2\x59\xaf\x55\xc9\x9c\xc6\xff\xfa\xbf\x00\xeb\x3d\xe0\xf0\
\x6a\x6a\x69\xde\x63\x35\xeb\x81\x1a\xe6\xf2\xf9\x7f\x0b\x56\x9f\
\x85\x2c\x0f\xcc\xa7\xd6\xe6\x2d\xf2\x07\xb2\x3c\xc9\x77\x2f\x5b\
\x05\x56\x7b\x80\x5c\xe5\x32\xb5\x36\x2f\x71\xb9\x0a\xcb\x8f\x8b\
\xb8\xfb\xfe\x2b\xcb\x87\xac\x36\x41\x79\xf9\x57\xd4\xda\xbc\xc3\
\x57\xcb\x59\x5e\xcc\xe2\xac\xfd\x07\xf2\x4e\x22\x4b\xfb\xf6\x89\
\xd4\xda\xbc\xc2\xc4\xed\x2c\x1f\x26\x72\xd5\xfe\x8b\x73\xae\x13\
\x4b\xbd\x7c\xbf\x68\x15\xd4\xc1\x9e\xfb\x99\x0e\xec\xc4\x51\xff\
\x0f\x9b\xd9\x97\x98\x06\xd4\x75\x7d\x0a\xa3\xf7\xd8\x5b\x97\xe9\
\xbe\x4b\xdc\xf4\xff\xaa\x93\xf2\x2e\xd3\x84\x41\xb3\xa8\xc5\xf1\
\xce\xac\x41\x4c\xe7\xbd\xcb\xc9\xf8\x0f\x6d\x2e\x66\x30\x8d\x48\
\x16\x2d\x02\xaa\xac\x4e\x66\xba\x2e\x83\x8b\xf1\x5f\xfa\x88\xca\
\x65\x9a\x21\xb7\x38\x49\xad\x8e\x5f\x4e\xb6\x60\xfb\x2d\x97\x83\
\xf1\x9f\x06\xa8\x98\xc6\xb4\xe4\xfd\x27\xa8\xc5\xf1\xca\x13\xef\
\x33\x9d\x96\x46\x3e\xfe\xdf\x28\xe7\x33\xd9\xc6\x8c\x14\x5f\x03\
\x08\x7b\x46\xb2\x7f\x34\x99\xc4\xf3\x7f\xcc\x30\x8c\xd9\x24\x24\
\xcb\x8b\xff\x45\xad\x8e\x3f\xfe\xb5\x98\xed\xaf\x2c\x4f\x56\xe0\
\x3b\x37\x81\x6d\x51\xd2\x97\xd4\xea\x78\xe3\xcb\x24\xb6\xb7\x26\
\x78\xe2\xf3\x1f\xb2\x35\x9e\x6d\x93\xbc\x7e\x1c\xb5\x3c\x9e\x18\
\xb7\x5e\xc5\x55\xf1\x9e\xad\xbe\x77\x76\x8a\x8a\x59\xdd\x7f\xa4\
\x96\xc7\x0f\x3f\x76\x57\x71\xd4\x14\xa2\xfa\x1f\xb6\x30\x3e\x4f\
\xc5\xb2\xbe\x62\xb4\xe0\x4d\x76\xf4\x55\x71\x52\x1e\x49\xfd\x27\
\xfb\x38\x93\xa8\x62\xdc\xae\x6f\xa9\xe5\xf1\xc0\xb7\xbb\x54\x5c\
\x94\xe8\xf9\x59\xd6\x7b\xdf\x50\x31\x4f\x5e\xef\xf0\x12\x47\xfc\
\xf3\xa2\xda\xbf\xbf\xfc\x86\x0f\x3a\x4f\xf6\x0c\x54\xb3\xb0\xf7\
\x97\x81\xae\x2d\x1a\xfa\xb2\xb7\x9a\x77\x06\xfa\xa3\xc1\xe4\xb5\
\x02\x35\x23\xff\xe3\xd1\x6f\x1c\x3b\x38\xf7\x1f\x35\xcf\x14\xf8\
\xa6\xdc\xda\xab\xa5\x6a\x76\x66\x6e\xf0\x56\x2b\xb7\x6d\x44\x6d\
\xc8\x54\xf3\x4b\xa9\x8b\xf5\xff\x9d\x66\xc7\x29\x35\x4b\xe5\x2b\
\x1f\x53\x0b\xa4\xe0\xe3\x2b\xaa\x4e\x39\xe5\xab\x6f\xa4\xd0\xe8\
\x12\x55\x6b\xdb\xfc\x82\x5a\xa1\xdb\xfc\xa2\x8d\xaa\x43\x4a\x46\
\xfb\xed\xdd\xe8\x78\x23\x55\x83\xc3\x7f\xf9\x86\x5a\xa1\x9b\x7c\
\xf3\x97\xb0\xaa\x3b\x1a\xb9\xb2\xfe\x9b\xbb\x14\xe7\xaa\x9a\x2c\
\x0f\x8a\xc9\xa6\x96\xe8\x16\xd9\x31\x83\xd4\x7d\x91\xeb\xc2\xfa\
\x8f\x04\xac\x69\xab\x6e\xf6\x67\x9e\x6f\xf4\xd0\xc7\x99\xcf\xd4\
\xfd\xd0\x96\xe3\xa9\x3f\xd6\x78\xb1\x83\xba\xe5\x72\xec\x51\x6a\
\x89\xce\x73\x34\x56\xc3\x09\x1d\x7c\xdc\x38\x16\x5a\xaa\xfe\xd7\
\x27\x97\xdc\xff\x1c\xb5\x46\x67\x79\xee\x7e\xf5\xb7\x61\x39\xbc\
\xd4\x6f\x6f\x7f\x65\x59\x52\xa4\x91\xff\x99\x23\xca\x51\x6b\x74\
\x8e\x72\x23\x32\x35\xcc\x2f\x5a\x42\xad\xd1\x69\x8a\xe7\x1f\xd6\
\xf0\x41\xd2\x2f\x2f\x53\x8b\x74\x86\xcb\xbf\x4c\xd2\x30\xfd\x70\
\x4b\x7f\xbe\xfd\x95\xa5\xde\x66\x0d\x37\xc8\x8b\x66\x0c\xa6\x16\
\x69\x3f\x83\x67\x2c\xd2\xb2\x7b\x28\xf7\x13\xff\xec\xa1\x47\xaa\
\xd6\x83\x50\xae\x91\xba\x82\x5a\xa5\xbd\xac\x48\xad\xa1\x65\xf3\
\xf6\x00\x35\x89\x4f\x3e\xa0\xe5\x0d\xb9\xed\x8c\x74\x6a\x95\xf6\
\x91\x3e\xa3\xad\xa6\xc1\x71\x81\xea\x14\x0b\xed\xef\xad\xe9\x91\
\xed\xb9\x3e\x19\x3b\xfc\xaf\xdc\xed\x9a\xc6\xd6\x88\xf1\xf7\xcb\
\x3f\x64\xef\x3e\x4d\xa7\xc8\x69\x95\x7d\xd0\x34\x74\xa6\x72\x9a\
\xb6\xa5\xb1\x9e\x99\xf6\x67\x23\x3b\x77\x69\x3b\x46\x7e\xac\xbe\
\xa7\x6b\xcb\xe4\xd7\x7f\x4c\x87\x91\x53\x03\x5a\x59\xbf\xe3\xc8\
\xb0\x0e\xef\x2c\x3f\xed\xa1\x49\x91\x65\xb9\x78\x7a\xb9\x0e\x03\
\x33\xbf\xf0\xd9\x0b\xaf\x01\x9a\xb5\xd1\xe1\x20\xf9\x50\xed\x7a\
\xd4\x42\xcd\x50\xaf\xf6\x21\x3d\xd6\x5d\x0d\x40\xf3\xb7\x0a\x3f\
\x5e\xd1\xe3\x24\x79\xe8\x10\x8f\xb5\x0c\x0c\x1e\x32\x54\x97\x61\
\x9b\x17\x52\x2b\xa5\x26\xea\x58\x3f\x5d\x9e\x2a\xa8\xf4\xbf\xd4\
\x52\xf5\xf3\xbf\x95\x0a\x74\x19\xb5\x71\x8c\xa7\xdf\x70\x6c\xe2\
\xf2\xc0\x64\x5d\xde\x92\x8b\xc6\x8f\xa3\xd6\xaa\x87\x71\xe3\xb5\
\xfa\x3b\x6e\x93\x37\xc2\x63\x8f\x35\xc7\x58\xa6\xd5\x4d\x7c\x87\
\xf0\xff\x9d\xe7\xfc\x85\x69\xc5\xf9\xff\x0b\xeb\x34\x26\xa3\x15\
\xb5\x58\x8e\x78\x52\xcf\xd7\xd2\xad\xbf\x82\xfb\x76\x72\xdb\x61\
\x52\xbc\xf3\x3e\x7d\x8f\xfe\xeb\xd4\x0d\xe4\x40\x58\x15\xba\xea\
\x7b\x69\xba\xc1\xeb\x53\xd6\x5c\xa0\x96\x0b\xb9\xb0\x66\xca\xeb\
\xba\x4d\x58\xdc\x93\x5a\x2e\x7f\x84\xd6\xbd\xa4\xdb\x7f\xf2\xa2\
\xe1\x7f\xce\xa1\x16\x1c\x49\xce\x9f\x87\x6b\xf6\xf5\xdd\x65\x6d\
\x74\xd0\xda\x7d\xf5\x91\xfd\x74\x82\x7e\x27\xca\x49\x95\xe7\x70\
\xb2\x12\xc5\xb5\x39\x95\xb5\x3a\xfa\x23\xd9\x72\x3e\x30\xa3\x5f\
\x0d\x13\x35\xf6\x11\x03\x9e\x94\xe5\x46\x23\xfa\x10\xff\x19\x5c\
\xe8\x33\xa2\x91\x21\xc9\x13\x76\x8b\x2f\x3f\x35\xf6\xfc\xa3\x93\
\x21\x7f\xca\x05\x85\xc7\x9a\x51\x89\x6d\x76\xac\x50\xf7\x4b\xdf\
\x2d\x96\xc7\xf4\xa0\xf6\x30\xf7\x44\xd5\x5a\x6c\xcc\xa9\xd7\x7f\
\x55\x95\xbe\x6f\xe7\xf2\xbf\x6a\xa8\xdd\xf7\x95\x26\x18\xd5\xf9\
\x1b\x6f\xf7\x6c\xb9\xc7\xc2\x42\x1d\x3d\xa8\x0a\xfa\x15\x6e\x38\
\xe3\x52\x2d\x95\xb3\x67\x36\x14\xea\x6b\xbe\x8c\x24\xad\x0d\xe7\
\x95\xfe\xb9\xa2\xfc\x3c\xcd\x51\x63\x08\x25\x3f\xb4\x5c\xe0\x70\
\x3d\xe5\xd9\x0b\x5a\xfe\x50\x62\x42\xda\xf6\x01\x93\xa9\x7d\xea\
\x31\xca\x3d\x9a\x65\xc2\xcf\xd7\x39\x78\xe0\xc4\xf7\x4d\x1a\xdb\
\x2f\xa8\x71\x93\xef\x4f\x1c\x38\x68\x4e\xd3\xc6\xe6\x9e\x2d\xf4\
\x45\x48\xf1\x1c\x23\x5f\x85\x65\x49\x4b\xb8\xfa\xf8\xe7\xd7\x6c\
\xfa\xc7\xcd\xbf\xf6\xf9\xe3\x57\x13\x8c\xff\x2b\xdd\x61\xcb\x97\
\x5e\xae\xf3\x45\x49\xa8\xff\x94\xb0\x69\xb7\x5f\x27\xaf\xf4\xeb\
\x6e\xa3\x9e\x1e\xf6\x6b\x93\xdf\xdd\xd9\xbf\x1e\xf6\xf4\xa8\x6e\
\x5f\x97\xe6\x59\xd1\x90\xf9\xfb\x59\xd4\x6e\xf4\x34\xba\xbb\xd6\
\xd4\x28\xb9\xd4\x61\xde\x17\xe3\x77\xf7\x6c\xb2\x4d\xc7\x1c\xf4\
\x6f\xb6\x35\xe9\xb9\x7b\xfc\x17\xf3\x3a\x5c\x32\xf3\x5f\xaf\xe0\
\xca\x83\x97\xa9\x3d\xe8\x7d\x86\xf5\x32\xf8\xb1\xad\x46\x5e\x62\
\xb5\xb8\xab\xd3\xe7\xcd\x9d\xff\xef\x19\xa9\x4b\xff\xba\x7f\xe6\
\x3f\xff\x39\x73\xff\x5f\x97\xa6\xce\xf8\xf7\xfc\xb9\xf3\xa6\x5f\
\x8d\xab\x96\x68\xe9\xe7\x5e\x96\x82\x4a\xad\xa9\x7d\xe7\x13\xf4\
\x0e\xaf\xe1\x0a\xcf\x0d\x62\xe2\x9b\x26\x03\x07\x59\x8f\x89\x7b\
\x0c\x1a\xe8\xc9\x61\x8c\x5c\x93\xdf\x7f\x80\xf6\xf4\x1a\x2e\x68\
\x3b\xa0\xbf\x68\xf1\x73\x84\xa8\x3e\x7d\x8d\xb7\xc0\xb9\x4c\xbf\
\xbe\x7d\x82\x33\xc5\x8f\x80\x1e\x3d\x7b\x69\x4f\x2a\x23\xa3\x77\
\xaf\x9e\xa2\xb3\xc7\x71\x72\xba\x76\xeb\x6e\x3d\x56\xf6\xd3\xbd\
\x5b\x57\xae\x06\xa9\xf8\x9a\xce\x5d\xe2\x6c\xfc\x5e\xb3\x4e\x5e\
\x5c\x97\xce\xd4\x3e\x09\x1a\x1d\xa3\x73\x0d\x0e\x1d\x70\x8a\x4e\
\xb9\xd1\x1d\xa9\xbd\x11\x50\xda\xb5\xef\x60\xa6\xd7\xd0\x46\x32\
\x3b\xb4\x6f\x47\xed\x85\x60\x93\xd3\xba\x41\x1b\xa2\xcf\xc3\xb6\
\x6d\x1a\xb4\x16\xff\xfa\x3c\x10\x6a\x15\x73\xaf\xf9\x9e\x43\x53\
\x24\xdc\x1b\xd3\x4a\x0c\xed\xe5\x8a\x72\xd1\x2d\xe3\x8d\x0c\xce\
\x35\x4d\x52\x7c\xcb\x68\x1f\x97\xb2\xf3\x34\xd9\xcd\xa2\x9b\xb7\
\xb0\xd0\x73\xaf\x41\x5a\x42\x8b\xe6\xd1\xcd\xc4\xa0\x6e\xde\x69\
\xdc\x24\xa6\x69\x9c\xc9\xf1\x44\x2c\xb2\xe2\x9a\xc6\x38\x31\xce\
\x48\xe0\x18\xe9\xf5\xea\x37\x68\x98\xd1\xc8\xe2\x57\x42\x66\xa3\
\x8c\x86\x0d\xea\xd7\x4b\xa7\xb6\x46\x60\x96\x50\x4a\xcd\x5a\xa9\
\xb5\xeb\xd4\x4d\xa8\x61\xe0\x9f\x21\xad\x46\x42\xdd\x3a\xb5\x53\
\x6b\xd5\x4c\x11\x2f\x7a\xfe\x21\xaa\x5c\xf9\x0a\xd1\x31\x15\xef\
\xa9\x14\x5b\xb9\x4a\x5c\x7c\xd5\x6a\x09\xd5\x13\x6b\x24\x25\x27\
\x27\xd5\x48\xac\x9e\x50\xad\x6a\x7c\x5c\x95\xca\xb1\x95\xee\xa9\
\x18\x13\x5d\xa1\x7c\xb9\x00\x75\xe7\xfc\x3f\x09\xe5\xa2\x78\x6b\
\x8a\xd4\xbf\x00\x00\x00\x25\x74\x45\x58\x74\x64\x61\x74\x65\x3a\
\x63\x72\x65\x61\x74\x65\x00\x32\x30\x31\x38\x2d\x30\x37\x2d\x32\
\x37\x54\x31\x30\x3a\x33\x36\x3a\x32\x36\x2b\x30\x32\x3a\x30\x30\
\x22\xce\x97\xca\x00\x00\x00\x25\x74\x45\x58\x74\x64\x61\x74\x65\
\x3a\x6d\x6f\x64\x69\x66\x79\x00\x32\x30\x31\x38\x2d\x30\x37\x2d\
\x32\x37\x54\x31\x30\x3a\x33\x36\x3a\x32\x36\x2b\x30\x32\x3a\x30\
\x30\x53\x93\x2f\x76\x00\x00\x00\x19\x74\x45\x58\x74\x53\x6f\x66\
\x74\x77\x61\x72\x65\x00\x77\x77\x77\x2e\x69\x6e\x6b\x73\x63\x61\
\x70\x65\x2e\x6f\x72\x67\x9b\xee\x3c\x1a\x00\x00\x00\x00\x49\x45\
\x4e\x44\xae\x42\x60\x82\
"

qt_resource_name = b"\
\x00\x06\
\x07\x03\x7d\xc3\
\x00\x69\
\x00\x6d\x00\x61\x00\x67\x00\x65\x00\x73\
\x00\x05\
\x00\x6f\xa6\x53\
\x00\x69\
\x00\x63\x00\x6f\x00\x6e\x00\x73\
\x00\x0a\
\x0a\xc8\xfb\x07\
\x00\x66\
\x00\x6f\x00\x6c\x00\x64\x00\x65\x00\x72\x00\x2e\x00\x70\x00\x6e\x00\x67\
\x00\x0c\
\x05\xc9\x18\x47\
\x00\x64\
\x00\x61\x00\x74\x00\x61\x00\x62\x00\x61\x00\x73\x00\x65\x00\x2e\x00\x70\x00\x6e\x00\x67\
\x00\x0a\
\x0c\xad\x0f\x07\
\x00\x64\
\x00\x65\x00\x6c\x00\x65\x00\x74\x00\x65\x00\x2e\x00\x70\x00\x6e\x00\x67\
"

qt_resource_struct_v1 = b"\
\x00\x00\x00\x00\x00\x02\x00\x00\x00\x01\x00\x00\x00\x01\
\x00\x00\x00\x00\x00\x02\x00\x00\x00\x01\x00\x00\x00\x02\
\x00\x00\x00\x12\x00\x02\x00\x00\x00\x03\x00\x00\x00\x03\
\x00\x00\x00\x3c\x00\x00\x00\x00\x00\x01\x00\x00\x19\xfc\
\x00\x00\x00\x22\x00\x00\x00\x00\x00\x01\x00\x00\x00\x00\
\x00\x00\x00\x5a\x00\x00\x00\x00\x00\x01\x00\x00\x47\xd1\
"

qt_resource_struct_v2 = b"\
\x00\x00\x00\x00\x00\x02\x00\x00\x00\x01\x00\x00\x00\x01\
\x00\x00\x00\x00\x00\x00\x00\x00\
\x00\x00\x00\x00\x00\x02\x00\x00\x00\x01\x00\x00\x00\x02\
\x00\x00\x00\x00\x00\x00\x00\x00\
\x00\x00\x00\x12\x00\x02\x00\x00\x00\x03\x00\x00\x00\x03\
\x00\x00\x00\x00\x00\x00\x00\x00\
\x00\x00\x00\x3c\x00\x00\x00\x00\x00\x01\x00\x00\x19\xfc\
\x00\x00\x01\x7c\x54\xf4\x00\x47\
\x00\x00\x00\x22\x00\x00\x00\x00\x00\x01\x00\x00\x00\x00\
\x00\x00\x01\x7c\x54\xf4\x00\x47\
\x00\x00\x00\x5a\x00\x00\x00\x00\x00\x01\x00\x00\x47\xd1\
\x00\x00\x01\x7c\x54\xf4\x00\x47\
"

qt_version = [int(v) for v in QtCore.qVersion().split('.')]
if qt_version < [5, 8, 0]:
    rcc_version = 1
    qt_resource_struct = qt_resource_struct_v1
else:
    rcc_version = 2
    qt_resource_struct = qt_resource_struct_v2

def qInitResources():
    QtCore.qRegisterResourceData(rcc_version, qt_resource_struct, qt_resource_name, qt_resource_data)

def qCleanupResources():
    QtCore.qUnregisterResourceData(rcc_version, qt_resource_struct, qt_resource_name, qt_resource_data)

qInitResources()
